{
  "count": 120,
  "overall": {
    "mean_completion_tokens": 208.05,
    "mean_e2e_output_tok_s": 306.2563159809835,
    "mean_decode_output_tok_s": 376.061307557543,
    "p50_ttft_s": 0.0857625310018193,
    "p95_ttft_s": 0.08950812638795469,
    "mean_decode_s": 0.5696617934833436
  },
  "by_domain": {
    "python": {
      "count": 30,
      "mean_completion_tokens": 146.5,
      "mean_e2e_output_tok_s": 315.0683561684121,
      "mean_decode_output_tok_s": 396.59447977002304,
      "p50_ttft_s": 0.08560151600977406,
      "p95_ttft_s": 0.0891114064346766
    },
    "javascript": {
      "count": 30,
      "mean_completion_tokens": 249.0,
      "mean_e2e_output_tok_s": 330.6673304792443,
      "mean_decode_output_tok_s": 383.26337266050336,
      "p50_ttft_s": 0.0872941889683716,
      "p95_ttft_s": 0.08979838246887084
    },
    "algorithms": {
      "count": 30,
      "mean_completion_tokens": 227.6,
      "mean_e2e_output_tok_s": 324.80328612072935,
      "mean_decode_output_tok_s": 395.5357452587907,
      "p50_ttft_s": 0.08589683499303646,
      "p95_ttft_s": 0.08926796749001369
    },
    "sql": {
      "count": 30,
      "mean_completion_tokens": 209.1,
      "mean_e2e_output_tok_s": 254.4862911555484,
      "mean_decode_output_tok_s": 328.8516325408549,
      "p50_ttft_s": 0.08491158200195059,
      "p95_ttft_s": 0.08920344814832787
    }
  },
  "by_task": {
    "python::Flatten an arbitrarily nested list": {
      "count": 3,
      "mean_completion_tokens": 96.0,
      "mean_e2e_output_tok_s": 321.43838580142636,
      "mean_decode_output_tok_s": 475.5825990888719
    },
    "python::Retry decorator with three attempts": {
      "count": 3,
      "mean_completion_tokens": 133.0,
      "mean_e2e_output_tok_s": 310.71610367199816,
      "mean_decode_output_tok_s": 388.7586923867006
    },
    "python::Merge two sorted lists": {
      "count": 3,
      "mean_completion_tokens": 119.0,
      "mean_e2e_output_tok_s": 290.8300804079166,
      "mean_decode_output_tok_s": 368.98716004550124
    },
    "python::Simple stack class": {
      "count": 3,
      "mean_completion_tokens": 157.0,
      "mean_e2e_output_tok_s": 392.34593592118824,
      "mean_decode_output_tok_s": 499.14861168898364
    },
    "python::Generator of first n primes": {
      "count": 3,
      "mean_completion_tokens": 153.0,
      "mean_e2e_output_tok_s": 292.51780590422595,
      "mean_decode_output_tok_s": 357.4978079830478
    },
    "python::Top-3 word frequencies": {
      "count": 3,
      "mean_completion_tokens": 101.0,
      "mean_e2e_output_tok_s": 257.1942211776984,
      "mean_decode_output_tok_s": 330.4100706138871
    },
    "python::Timing context manager": {
      "count": 3,
      "mean_completion_tokens": 146.0,
      "mean_e2e_output_tok_s": 293.26865607020903,
      "mean_decode_output_tok_s": 354.30200700786463
    },
    "python::Validate an IPv4 address": {
      "count": 3,
      "mean_completion_tokens": 234.0,
      "mean_e2e_output_tok_s": 342.62051970986107,
      "mean_decode_output_tok_s": 392.08123369196625
    },
    "python::Group list of dicts by key": {
      "count": 3,
      "mean_completion_tokens": 122.0,
      "mean_e2e_output_tok_s": 292.04853787639536,
      "mean_decode_output_tok_s": 368.67940566583513
    },
    "python::Levenshtein edit distance": {
      "count": 3,
      "mean_completion_tokens": 204.0,
      "mean_e2e_output_tok_s": 357.7033151432017,
      "mean_decode_output_tok_s": 430.49720952757195
    },
    "javascript::Debounce with leading-edge option": {
      "count": 3,
      "mean_completion_tokens": 508.0,
      "mean_e2e_output_tok_s": 327.07714714962987,
      "mean_decode_output_tok_s": 348.846461286338
    },
    "javascript::Deep clone an object": {
      "count": 3,
      "mean_completion_tokens": 239.0,
      "mean_e2e_output_tok_s": 359.0194213037918,
      "mean_decode_output_tok_s": 422.007438956101
    },
    "javascript::Fetch with AbortController timeout": {
      "count": 3,
      "mean_completion_tokens": 226.0,
      "mean_e2e_output_tok_s": 340.9159332987304,
      "mean_decode_output_tok_s": 393.3222579275922
    },
    "javascript::Flatten a nested array to depth": {
      "count": 3,
      "mean_completion_tokens": 210.0,
      "mean_e2e_output_tok_s": 322.1708648349148,
      "mean_decode_output_tok_s": 372.00518154973156
    },
    "javascript::Curry with partial application": {
      "count": 3,
      "mean_completion_tokens": 210.0,
      "mean_e2e_output_tok_s": 321.64399379695334,
      "mean_decode_output_tok_s": 377.7358946342777
    },
    "javascript::useLocalStorage React hook": {
      "count": 3,
      "mean_completion_tokens": 371.0,
      "mean_e2e_output_tok_s": 388.0652704244707,
      "mean_decode_output_tok_s": 431.78029267688805
    },
    "javascript::Throttle to once per N ms": {
      "count": 3,
      "mean_completion_tokens": 197.0,
      "mean_e2e_output_tok_s": 327.4353484419181,
      "mean_decode_output_tok_s": 383.66675992258246
    },
    "javascript::TypeScript generic pick-keys": {
      "count": 3,
      "mean_completion_tokens": 169.0,
      "mean_e2e_output_tok_s": 292.9760064390561,
      "mean_decode_output_tok_s": 344.9133659626868
    },
    "javascript::Parse a query string": {
      "count": 3,
      "mean_completion_tokens": 243.0,
      "mean_e2e_output_tok_s": 339.53265419823583,
      "mean_decode_output_tok_s": 392.2736851914886
    },
    "javascript::Memoize by stringified args": {
      "count": 3,
      "mean_completion_tokens": 117.0,
      "mean_e2e_output_tok_s": 287.836664904742,
      "mean_decode_output_tok_s": 366.08238849734715
    },
    "algorithms::Binary search, correct boundaries": {
      "count": 3,
      "mean_completion_tokens": 259.0,
      "mean_e2e_output_tok_s": 318.2159030630915,
      "mean_decode_output_tok_s": 355.6591646052708
    },
    "algorithms::Quicksort plus complexity": {
      "count": 3,
      "mean_completion_tokens": 114.0,
      "mean_e2e_output_tok_s": 244.244426919167,
      "mean_decode_output_tok_s": 460.5655038046348
    },
    "algorithms::BFS on an adjacency list": {
      "count": 3,
      "mean_completion_tokens": 141.0,
      "mean_e2e_output_tok_s": 321.607975959227,
      "mean_decode_output_tok_s": 400.64683384222
    },
    "algorithms::Dijkstra with a heap": {
      "count": 3,
      "mean_completion_tokens": 447.0,
      "mean_e2e_output_tok_s": 358.48863571531524,
      "mean_decode_output_tok_s": 385.0483497930752
    },
    "algorithms::LRU cache, O(1)": {
      "count": 3,
      "mean_completion_tokens": 197.0,
      "mean_e2e_output_tok_s": 346.9942430102039,
      "mean_decode_output_tok_s": 417.6659813883498
    },
    "algorithms::Two-sum in O(n)": {
      "count": 3,
      "mean_completion_tokens": 110.0,
      "mean_e2e_output_tok_s": 284.94736528025214,
      "mean_decode_output_tok_s": 367.0727797659809
    },
    "algorithms::Linked-list cycle with Floyd": {
      "count": 3,
      "mean_completion_tokens": 229.0,
      "mean_e2e_output_tok_s": 349.1615708124895,
      "mean_decode_output_tok_s": 402.18046920513586
    },
    "algorithms::Merge sort plus stability": {
      "count": 3,
      "mean_completion_tokens": 339.0,
      "mean_e2e_output_tok_s": 314.1629152936566,
      "mean_decode_output_tok_s": 341.0041235397269
    },
    "algorithms::Trie insert/search": {
      "count": 3,
      "mean_completion_tokens": 241.0,
      "mean_e2e_output_tok_s": 371.3274019072632,
      "mean_decode_output_tok_s": 428.30159274136986
    },
    "algorithms::DP coin-change": {
      "count": 3,
      "mean_completion_tokens": 199.0,
      "mean_e2e_output_tok_s": 338.8824232466277,
      "mean_decode_output_tok_s": 397.2126539021432
    },
    "sql::Second-highest salary": {
      "count": 3,
      "mean_completion_tokens": 31.0,
      "mean_e2e_output_tok_s": 154.46949618243966,
      "mean_decode_output_tok_s": 293.93059473242994
    },