{
  "count": 40,
  "overall": {
    "mean_completion_tokens": 208.05,
    "mean_e2e_output_tok_s": 307.2845681269575,
    "mean_decode_output_tok_s": 375.7636795906553,
    "p50_ttft_s": 0.08928426349302754,
    "p95_ttft_s": 0.09281693634984549,
    "mean_decode_s": 0.5704300697761937
  },
  "by_domain": {
    "python": {
      "count": 10,
      "mean_completion_tokens": 146.5,
      "mean_e2e_output_tok_s": 315.23510117800237,
      "mean_decode_output_tok_s": 393.9821795904223,
      "p50_ttft_s": 0.08344275000854395,
      "p95_ttft_s": 0.08415451199980453
    },
    "javascript": {
      "count": 10,
      "mean_completion_tokens": 249.0,
      "mean_e2e_output_tok_s": 329.37058508891727,
      "mean_decode_output_tok_s": 382.54757531688307,
      "p50_ttft_s": 0.08807170452200808,
      "p95_ttft_s": 0.09298214673181064
    },
    "algorithms": {
      "count": 10,
      "mean_completion_tokens": 227.6,
      "mean_e2e_output_tok_s": 332.1071692254493,
      "mean_decode_output_tok_s": 395.95635821554305,
      "p50_ttft_s": 0.09063285248703323,
      "p95_ttft_s": 0.09174700719013344
    },
    "sql": {
      "count": 10,
      "mean_completion_tokens": 209.1,
      "mean_e2e_output_tok_s": 252.42541701546105,
      "mean_decode_output_tok_s": 330.5686052397727,
      "p50_ttft_s": 0.08963796400348656,
      "p95_ttft_s": 0.09590238222153857
    }
  },
  "by_task": {
    "python::Flatten an arbitrarily nested list": {
      "count": 1,
      "mean_completion_tokens": 96.0,
      "mean_e2e_output_tok_s": 322.27421284355,
      "mean_decode_output_tok_s": 471.24526912941155
    },
    "python::Retry decorator with three attempts": {
      "count": 1,
      "mean_completion_tokens": 133.0,
      "mean_e2e_output_tok_s": 310.56157331532825,
      "mean_decode_output_tok_s": 386.2628414136261
    },
    "python::Merge two sorted lists": {
      "count": 1,
      "mean_completion_tokens": 119.0,
      "mean_e2e_output_tok_s": 291.70727833148345,
      "mean_decode_output_tok_s": 366.48044003294916
    },
    "python::Simple stack class": {
      "count": 1,
      "mean_completion_tokens": 157.0,
      "mean_e2e_output_tok_s": 391.80167715752555,
      "mean_decode_output_tok_s": 495.49017317242635
    },
    "python::Generator of first n primes": {
      "count": 1,
      "mean_completion_tokens": 153.0,
      "mean_e2e_output_tok_s": 291.70071206030576,
      "mean_decode_output_tok_s": 355.2113027866368
    },
    "python::Top-3 word frequencies": {
      "count": 1,
      "mean_completion_tokens": 101.0,
      "mean_e2e_output_tok_s": 257.81390025847986,
      "mean_decode_output_tok_s": 327.6496585027974
    },
    "python::Timing context manager": {
      "count": 1,
      "mean_completion_tokens": 146.0,
      "mean_e2e_output_tok_s": 292.5242930350348,
      "mean_decode_output_tok_s": 352.1373563786938
    },
    "python::Validate an IPv4 address": {
      "count": 1,
      "mean_completion_tokens": 234.0,
      "mean_e2e_output_tok_s": 342.7459786475265,
      "mean_decode_output_tok_s": 390.32219537871003
    },
    "python::Group list of dicts by key": {
      "count": 1,
      "mean_completion_tokens": 122.0,
      "mean_e2e_output_tok_s": 293.10028029577154,
      "mean_decode_output_tok_s": 366.57603353700864
    },
    "python::Levenshtein edit distance": {
      "count": 1,
      "mean_completion_tokens": 204.0,
      "mean_e2e_output_tok_s": 358.1211058350178,
      "mean_decode_output_tok_s": 428.44652557196275
    },
    "javascript::Debounce with leading-edge option": {
      "count": 1,
      "mean_completion_tokens": 508.0,
      "mean_e2e_output_tok_s": 326.5780120809823,
      "mean_decode_output_tok_s": 348.1656226927947
    },
    "javascript::Deep clone an object": {
      "count": 1,
      "mean_completion_tokens": 239.0,
      "mean_e2e_output_tok_s": 359.2268101428455,
      "mean_decode_output_tok_s": 419.83911548724876
    },
    "javascript::Fetch with AbortController timeout": {
      "count": 1,
      "mean_completion_tokens": 226.0,
      "mean_e2e_output_tok_s": 340.8470306535365,
      "mean_decode_output_tok_s": 390.9666105610251
    },
    "javascript::Flatten a nested array to depth": {
      "count": 1,
      "mean_completion_tokens": 210.0,
      "mean_e2e_output_tok_s": 318.75606014161576,
      "mean_decode_output_tok_s": 371.6980950048478
    },
    "javascript::Curry with partial application": {
      "count": 1,
      "mean_completion_tokens": 210.0,
      "mean_e2e_output_tok_s": 321.75052091942433,
      "mean_decode_output_tok_s": 376.0129809715949
    },
    "javascript::useLocalStorage React hook": {
      "count": 1,
      "mean_completion_tokens": 371.0,
      "mean_e2e_output_tok_s": 387.4371784176018,
      "mean_decode_output_tok_s": 430.2522950755273
    },
    "javascript::Throttle to once per N ms": {
      "count": 1,
      "mean_completion_tokens": 197.0,
      "mean_e2e_output_tok_s": 325.8897802682378,
      "mean_decode_output_tok_s": 384.2519521571194
    },
    "javascript::TypeScript generic pick-keys": {
      "count": 1,
      "mean_completion_tokens": 169.0,
      "mean_e2e_output_tok_s": 291.4057860775166,
      "mean_decode_output_tok_s": 345.20140038800537
    },
    "javascript::Parse a query string": {
      "count": 1,
      "mean_completion_tokens": 243.0,
      "mean_e2e_output_tok_s": 336.91023583776246,
      "mean_decode_output_tok_s": 392.845065283422
    },
    "javascript::Memoize by stringified args": {
      "count": 1,
      "mean_completion_tokens": 117.0,
      "mean_e2e_output_tok_s": 284.90443634964964,
      "mean_decode_output_tok_s": 366.2426155472451
    },
    "algorithms::Binary search, correct boundaries": {
      "count": 1,
      "mean_completion_tokens": 259.0,
      "mean_e2e_output_tok_s": 316.96174210137787,
      "mean_decode_output_tok_s": 355.7803796832988
    },
    "algorithms::Quicksort plus complexity": {
      "count": 1,
      "mean_completion_tokens": 114.0,
      "mean_e2e_output_tok_s": 336.372372158489,
      "mean_decode_output_tok_s": 462.34833108756607
    },
    "algorithms::BFS on an adjacency list": {
      "count": 1,
      "mean_completion_tokens": 141.0,
      "mean_e2e_output_tok_s": 318.902532353257,
      "mean_decode_output_tok_s": 400.68512496495197
    },
    "algorithms::Dijkstra with a heap": {
      "count": 1,
      "mean_completion_tokens": 447.0,
      "mean_e2e_output_tok_s": 356.9478423008007,
      "mean_decode_output_tok_s": 384.81174655805836
    },
    "algorithms::LRU cache, O(1)": {
      "count": 1,
      "mean_completion_tokens": 197.0,
      "mean_e2e_output_tok_s": 344.636109566662,
      "mean_decode_output_tok_s": 418.90877843477557
    },
    "algorithms::Two-sum in O(n)": {
      "count": 1,
      "mean_completion_tokens": 110.0,
      "mean_e2e_output_tok_s": 282.21844077163496,
      "mean_decode_output_tok_s": 368.3606553801989
    },
    "algorithms::Linked-list cycle with Floyd": {
      "count": 1,
      "mean_completion_tokens": 229.0,
      "mean_e2e_output_tok_s": 346.8771018000334,
      "mean_decode_output_tok_s": 402.1386251843853
    },
    "algorithms::Merge sort plus stability": {
      "count": 1,
      "mean_completion_tokens": 339.0,
      "mean_e2e_output_tok_s": 312.304153800825,
      "mean_decode_output_tok_s": 340.8881624992489
    },
    "algorithms::Trie insert/search": {
      "count": 1,
      "mean_completion_tokens": 241.0,
      "mean_e2e_output_tok_s": 369.1087660166649,
      "mean_decode_output_tok_s": 428.1055211276544
    },
    "algorithms::DP coin-change": {
      "count": 1,
      "mean_completion_tokens": 199.0,
      "mean_e2e_output_tok_s": 336.74263138474817,
      "mean_decode_output_tok_s": 397.5362572352924
    },
    "sql::Second-highest salary": {
      "count": 1,
      "mean_completion_tokens": 31.0,
      "mean_e2e_output_tok_s": 151.3408085170011,
      "mean_decode_output_tok_s": 301.33301750516847
    },