{
  "utc": "2026-06-04T11:42:28.518248+00:00",
  "tag": "cossin-vec2-r2",
  "sha_incumbent": "4f70cda745940c96",
  "sha_variant": "51e183ba29abd455",
  "geomean_all": {
    "inc_vs_sglang": 1.1020130300885618,
    "var_vs_sglang": 1.104023009461783,
    "var_vs_inc": 1.0018239161591942
  },
  "geomean_large": {
    "inc_vs_sglang": 1.236732946198465,
    "var_vs_sglang": 1.2472002235345117,
    "var_vs_inc": 1.0084636520505266
  },
  "per_shape": {
    "qwen_t4096": {
      "median_us": {
        "A": 41.152000427246094,
        "B": 33.952001482248306,
        "C": 33.63199904561043
      },
      "ratios": {
        "inc_vs_sglang": 1.2120640501492168,
        "var_vs_sglang": 1.2235966221168515,
        "var_vs_inc": 1.0095148205791724
      },
      "tokens": 4096
    },
    "qwen_t19": {
      "median_us": {
        "A": 9.088000282645226,
        "B": 8.991999551653862,
        "C": 9.119999594986439
      },
      "ratios": {
        "inc_vs_sglang": 1.0106762384094765,
        "var_vs_sglang": 0.9964913033155391,
        "var_vs_inc": 0.9859649069060329
      },
      "tokens": 19
    },
    "qwen_t47": {
      "median_us": {
        "A": 9.119999594986439,
        "B": 9.088000282645226,
        "C": 9.056000038981438
      },
      "ratios": {
        "inc_vs_sglang": 1.0035210509843755,
        "var_vs_sglang": 1.0070670887510507,
        "var_vs_inc": 1.0035335957957203
      },
      "tokens": 47
    },
    "qwenedit_t8424": {
      "median_us": {
        "A": 82.76799693703651,
        "B": 66.49599969387054,
        "C": 65.45599922537804
      },
      "ratios": {
        "inc_vs_sglang": 1.244706408176098,
        "var_vs_sglang": 1.2644829796585921,
        "var_vs_inc": 1.0158885431557094
      },
      "tokens": 8424
    },
    "qwenedit_t195": {
      "median_us": {
        "A": 9.375999681651592,
        "B": 9.312000125646591,
        "C": 9.344000369310379
      },
      "ratios": {
        "inc_vs_sglang": 1.006872804461067,
        "var_vs_sglang": 1.0034245838052738,
        "var_vs_inc": 0.9965753165240778
      },
      "tokens": 195
    },
    "qwenedit_t189": {
      "median_us": {
        "A": 9.344000369310379,
        "B": 9.279999881982803,
        "C": 9.375999681651592
      },
      "ratios": {
        "inc_vs_sglang": 1.006896604325592,
        "var_vs_sglang": 0.9965871039432911,
        "var_vs_inc": 0.9897611131689076
      },
      "tokens": 189
    },
    "zimage_t4096": {
      "median_us": {
        "A": 51.552001386880875,
        "B": 41.24800115823746,
        "C": 41.471999138593674
      },
      "ratios": {
        "inc_vs_sglang": 1.2498060497311068,
        "var_vs_sglang": 1.2430556148161855,
        "var_vs_inc": 0.9945988140188843
      },
      "tokens": 4096
    },
    "zimage_t32": {
      "median_us": {
        "A": 9.119999594986439,
        "B": 9.151999838650227,
        "C": 9.088000282645226
      },
      "ratios": {
        "inc_vs_sglang": 0.99650346981775,
        "var_vs_sglang": 1.0035210509843755,
        "var_vs_inc": 1.0070422044470242
      },
      "tokens": 32
    },
    "zimage_t4128": {
      "median_us": {
        "A": 51.791999489068985,
        "B": 41.74400120973587,
        "C": 41.16800054907799
      },
      "ratios": {
        "inc_vs_sglang": 1.2407052028589354,
        "var_vs_sglang": 1.2580644869387259,
        "var_vs_inc": 1.013991465530885
      },
      "tokens": 4128
    }
  },
  "iters": 300,
  "warmup_per_block": 10,
  "blocks": [
    [
      "A",
      "B",
      "C"
    ],
    [
      "C",
      "A",
      "B"
    ],
    [
      "B",
      "C",
      "A"
    ]
  ],
  "gpu": "NVIDIA H200",
  "gpu_id": "7",
  "host": "ion8-h200",
  "command": "CUDA_VISIBLE_DEVICES=7 KDA_TAG=cossin-vec2-r2 KDA_WARMUP=10 KDA_ITERS=300 PYTHONPATH=/home/sglang-omni/bbuf/kda_runs/h200_diffusion_qknorm_rope__multi_shape/k04-20260604-185804/sglang_pin/python python bench_abc.py  # @ REMOTE_KDA_DIR",
  "gpu_idle_before": "util=0% mem=42MiB",
  "gpu_idle_after": "util=2% mem=42MiB"
}