{
  "utc": "2026-06-04T11:15:22.399310+00:00",
  "tag": "continuation-audit",
  "sha": "4f70cda745940c96",
  "geomean_wrapper": 1.0236308587846257,
  "geomean_module": 1.0366231407454103,
  "per_shape_wrapper": {
    "qwen_t4096": 1.0336605997087005,
    "qwen_t19": 0.9953401323641098,
    "qwen_t47": 0.9962546530703451,
    "qwenedit_t8424": 1.0634072213431536,
    "qwenedit_t195": 1.0037383462278715,
    "qwenedit_t189": 1.000928458136342,
    "zimage_t4096": 1.05581397426558,
    "zimage_t32": 1.0167910638210071,
    "zimage_t4128": 1.0496105879044115
  },
  "per_shape_module": {
    "qwen_t4096": 1.0721392744275016,
    "qwen_t19": 1.0,
    "qwen_t47": 1.0134680184171396,
    "qwenedit_t8424": 1.0834029618938397,
    "qwenedit_t195": 1.0,
    "qwenedit_t189": 1.0,
    "zimage_t4096": 1.0835850259341597,
    "zimage_t32": 1.0,
    "zimage_t4128": 1.0836120552389543
  },
  "iters": 300,
  "warmup": 30,
  "gpu": "NVIDIA H200",
  "gpu_id": "7",
  "host": "ion8-h200",
  "command": "CUDA_VISIBLE_DEVICES=7 KDA_TAG=continuation-audit KDA_WARMUP=30 KDA_ITERS=300 PYTHONPATH=/home/sglang-omni/bbuf/kda_runs/h200_diffusion_qknorm_rope__multi_shape/k04-20260604-185804/sglang_pin/python python bench_remote.py  # @ REMOTE_KDA_DIR",
  "gpu_idle_before": "util=0% mem=50MiB",
  "gpu_idle_after": "util=3% mem=50MiB"
}