{
  "utc": "2026-06-01T22:35:50.996133+00:00",
  "tag": "d0-clone",
  "sha": "dc2d7322dae5cb29",
  "geomean_wrapper": 0.9036130117268513,
  "geomean_module": 1.0003423329195757,
  "per_shape_wrapper": {
    "qwen_t4096": 0.9333333085772841,
    "qwen_t19": 0.8567567875117189,
    "qwen_t47": 0.8617305879534343,
    "qwenedit_t8424": 0.963601579485471,
    "qwenedit_t195": 0.8694885712801558,
    "qwenedit_t189": 0.8743362523702881,
    "zimage_t4096": 0.9527330426034586,
    "zimage_t32": 0.8772562822243478,
    "zimage_t4128": 0.9520042223886311
  },
  "per_shape_module": {
    "qwen_t4096": 0.9976508171043196,
    "qwen_t19": 0.9962406821237919,
    "qwen_t47": 1.0018450325184296,
    "qwenedit_t8424": 0.9994176974423699,
    "qwenedit_t195": 1.0036629247813136,
    "qwenedit_t189": 1.0036629247813136,
    "zimage_t4096": 1.0021882005298552,
    "zimage_t32": 1.0,
    "zimage_t4128": 0.9984408986231992
  },
  "iters": 300,
  "warmup": 30,
  "gpu": "NVIDIA H200",
  "gpu_id": "7",
  "host": "ion8-h200"
}
