{
  "utc": "2026-06-01T22:54:07.958437+00:00",
  "tag": "d2-warp2",
  "sha": "87408a33029821ab",
  "geomean_wrapper": 1.0992023637839743,
  "geomean_module": 1.0285485720803267,
  "per_shape_wrapper": {
    "qwen_t4096": 1.0742646724607827,
    "qwen_t19": 1.1041666512277135,
    "qwen_t47": 1.1025056807163918,
    "qwenedit_t8424": 1.0838557957265178,
    "qwenedit_t195": 1.1078652020485957,
    "qwenedit_t189": 1.121348319603738,
    "zimage_t4096": 1.088431222095755,
    "zimage_t32": 1.1179138691627766,
    "zimage_t4128": 1.0933616305965017
  },
  "per_shape_module": {
    "qwen_t4096": 1.0705882847835781,
    "qwen_t19": 0.9852398472467723,
    "qwen_t47": 0.9926739372225075,
    "qwenedit_t8424": 1.0818296639138978,
    "qwenedit_t195": 0.9963636086548654,
    "qwenedit_t189": 0.9855595626146292,
    "zimage_t4096": 1.0776731309919736,
    "zimage_t32": 0.9963504432704718,
    "zimage_t4128": 1.0786818810868009
  },
  "iters": 300,
  "warmup": 30,
  "gpu": "NVIDIA H200",
  "gpu_id": "7",
  "host": "ion8-h200"
}
