{
  "utc": "2026-06-02T01:57:22.326437+00:00",
  "tag": "d3-final",
  "sha": "4f70cda745940c96",
  "geomean_wrapper": 1.0723059259465784,
  "geomean_module": 1.0268275712823298,
  "per_shape_wrapper": {
    "qwen_t4096": 1.0648882400294304,
    "qwen_t19": 1.0715834927362582,
    "qwen_t47": 1.0512820672276078,
    "qwenedit_t8424": 1.076908126438672,
    "qwenedit_t195": 1.0680850676481386,
    "qwenedit_t189": 1.0899356961156297,
    "zimage_t4096": 1.0780459148694308,
    "zimage_t32": 1.0705127336095377,
    "zimage_t4128": 1.0799523225065693
  },
  "per_shape_module": {
    "qwen_t4096": 1.0687919820314122,
    "qwen_t19": 0.985185179595972,
    "qwen_t47": 0.9852941129264982,
    "qwenedit_t8424": 1.0844033407057323,
    "qwenedit_t195": 0.9925372567033831,
    "qwenedit_t189": 0.9851301070999279,
    "zimage_t4096": 1.075471723275447,
    "zimage_t32": 0.9889299122836316,
    "zimage_t4128": 1.0846883638228175
  },
  "iters": 300,
  "warmup": 30,
  "gpu": "NVIDIA H200",
  "gpu_id": "7",
  "host": "ion8-h200",
  "command": "CUDA_VISIBLE_DEVICES=7 KDA_TAG=d3-final KDA_WARMUP=30 KDA_ITERS=300 PYTHONPATH=/home/sglang-omni/bbuf/repos/sglang/python python bench_remote.py  # @ REMOTE_KDA_DIR",
  "gpu_idle_before": "util=0% mem=70MiB",
  "gpu_idle_after": "util=0% mem=70MiB (external; reconciled from gpu_state_d3.md)"
}
