{
  "utc": "2026-06-01T22:44:13.086822+00:00",
  "tag": "d0-leanwrap",
  "sha": "dc2d7322dae5cb29",
  "geomean_wrapper": 1.0587398842204199,
  "geomean_module": 0.9948364445696891,
  "per_shape_wrapper": {
    "qwen_t4096": 1.0111498296847878,
    "qwen_t19": 1.0900692960173393,
    "qwen_t47": 1.098850592707878,
    "qwenedit_t8424": 1.0091241573697274,
    "qwenedit_t195": 1.0870535834642951,
    "qwenedit_t189": 1.1013513354069593,
    "zimage_t4096": 1.0133069441016587,
    "zimage_t32": 1.113163958005257,
    "zimage_t4128": 1.0126831999172625
  },
  "per_shape_module": {
    "qwen_t4096": 0.997261415989308,
    "qwen_t19": 0.9925372567033831,
    "qwen_t47": 0.9927273231418421,
    "qwenedit_t8424": 0.9984489994827892,
    "qwenedit_t195": 0.9856115055192066,
    "qwenedit_t189": 0.9928058051046236,
    "zimage_t4096": 1.0,
    "zimage_t32": 0.9926739372225075,
    "zimage_t4128": 1.0015595876878631
  },
  "iters": 300,
  "warmup": 30,
  "gpu": "NVIDIA H200",
  "gpu_id": "7",
  "host": "ion8-h200"
}
