{"variant": "baseline", "sglang": "/home/sglang-omni/bbuf/kda_runs/h200_diffusion_qknorm_rope__multi_shape/k04-20260604-185804/sglang_pin/python/sglang/__init__.py", "per_shape": {"qwen_t4096": {"median_us": 47.90399968624115}, "qwen_t19": {"median_us": 16.767999157309532}, "qwen_t47": {"median_us": 17.055999487638474}, "qwenedit_t8424": {"median_us": 88.84799852967262}, "qwenedit_t195": {"median_us": 16.92800037562847}, "qwenedit_t189": {"median_us": 16.976000741124153}, "zimage_t4096": {"median_us": 58.17599967122078}, "zimage_t32": {"median_us": 17.184000462293625}, "zimage_t4128": {"median_us": 58.70399996638298}}}