{"variant": "baseline", "sglang": "/home/sglang-omni/bbuf/repos/sglang/python/sglang/__init__.py", "per_shape": {"qwen_t4096": {"median_us": 46.911999583244324}, "qwen_t19": {"median_us": 15.12000011280179}, "qwen_t47": {"median_us": 15.072000212967396}, "qwenedit_t8424": {"median_us": 88.49600329995155}, "qwenedit_t195": {"median_us": 15.503999777138233}, "qwenedit_t189": {"median_us": 15.519999898970127}, "zimage_t4096": {"median_us": 57.40800127387047}, "zimage_t32": {"median_us": 15.296000055968761}, "zimage_t4128": {"median_us": 57.920001447200775}}}
