{
  "_meta": {
    "ts": "2026-06-01T15:43:12.086661+00:00",
    "host": "ion8-h200",
    "gpu_id": "7",
    "gpu_model": "NVIDIA H200",
    "sglang_commit": "c47f0e7cd",
    "remote_kda_dir": "/home/sglang-omni/bbuf/kda_runs/h200_diffusion_norm_infer__multi_shape/s20260601-232934"
  },
  "helios__f32__M8640N5120": {
    "median_us": 109.4320323318243,
    "gpu_time_us": 92.54399687051773,
    "dtype": "torch.float32",
    "M": 8640,
    "N": 5120
  },
  "hunyuan__bf16__M648720D128": {
    "median_us": 107.83493053168058,
    "gpu_time_us": 83.36000144481659,
    "dtype": "torch.bfloat16",
    "M": 648720,
    "N": 128
  },
  "hunyuan__bf16__M1320D128": {
    "median_us": 31.93254815414548,
    "gpu_time_us": 34.432001411914825,
    "dtype": "torch.bfloat16",
    "M": 1320,
    "N": 128
  },
  "hunyuan__bf16__M650040D128": {
    "median_us": 107.03899897634983,
    "gpu_time_us": 83.0719992518425,
    "dtype": "torch.bfloat16",
    "M": 650040,
    "N": 128
  },
  "zimage__bf16__M16384D128": {
    "median_us": 31.812000088393688,
    "gpu_time_us": 34.63999927043915,
    "dtype": "torch.bfloat16",
    "M": 16384,
    "N": 128
  },
  "zimage__bf16__M4096D128": {
    "median_us": 31.476491130888462,
    "gpu_time_us": 34.11199897527695,
    "dtype": "torch.bfloat16",
    "M": 4096,
    "N": 128
  }
}
