{
  "count": 40,
  "overall": {
    "mean_completion_tokens": 208.05,
    "mean_e2e_output_tok_s": 312.54257129145935,
    "mean_decode_output_tok_s": 381.53592777696934,
    "p50_ttft_s": 0.08591697353404015,
    "p95_ttft_s": 0.08867065255180932,
    "mean_decode_s": 0.5618127179448493
  },
  "by_domain": {
    "python": {
      "count": 10,
      "mean_completion_tokens": 146.5,
      "mean_e2e_output_tok_s": 318.55770023229206,
      "mean_decode_output_tok_s": 401.9218241764593,
      "p50_ttft_s": 0.0859962280082982,
      "p95_ttft_s": 0.08829985144839156
    },
    "javascript": {
      "count": 10,
      "mean_completion_tokens": 249.0,
      "mean_e2e_output_tok_s": 334.84240085089175,
      "mean_decode_output_tok_s": 388.697809233651,
      "p50_ttft_s": 0.08658600252238102,
      "p95_ttft_s": 0.08964540887100156
    },
    "algorithms": {
      "count": 10,
      "mean_completion_tokens": 227.6,
      "mean_e2e_output_tok_s": 338.47625406613145,
      "mean_decode_output_tok_s": 400.9512946236302,
      "p50_ttft_s": 0.08539997300249524,
      "p95_ttft_s": 0.08764286460937001
    },
    "sql": {
      "count": 10,
      "mean_completion_tokens": 209.1,
      "mean_e2e_output_tok_s": 258.29393001652215,
      "mean_decode_output_tok_s": 334.5727830741368,
      "p50_ttft_s": 0.08546578450477682,
      "p95_ttft_s": 0.08702979387599044
    }
  },
  "by_task": {
    "python::Flatten an arbitrarily nested list": {
      "count": 1,
      "mean_completion_tokens": 96.0,
      "mean_e2e_output_tok_s": 327.3748897634406,
      "mean_decode_output_tok_s": 483.793919232385
    },
    "python::Retry decorator with three attempts": {
      "count": 1,
      "mean_completion_tokens": 133.0,
      "mean_e2e_output_tok_s": 315.43790158041674,
      "mean_decode_output_tok_s": 394.35910393975956
    },
    "python::Merge two sorted lists": {
      "count": 1,
      "mean_completion_tokens": 119.0,
      "mean_e2e_output_tok_s": 295.00594599053386,
      "mean_decode_output_tok_s": 374.25115799320645
    },
    "python::Simple stack class": {
      "count": 1,
      "mean_completion_tokens": 157.0,
      "mean_e2e_output_tok_s": 395.72468624089174,
      "mean_decode_output_tok_s": 506.57632382009115
    },
    "python::Generator of first n primes": {
      "count": 1,
      "mean_completion_tokens": 153.0,
      "mean_e2e_output_tok_s": 295.5725184042944,
      "mean_decode_output_tok_s": 362.4749371105663
    },
    "python::Top-3 word frequencies": {
      "count": 1,
      "mean_completion_tokens": 101.0,
      "mean_e2e_output_tok_s": 261.3206410982601,
      "mean_decode_output_tok_s": 334.76739842231467
    },
    "python::Timing context manager": {
      "count": 1,
      "mean_completion_tokens": 146.0,
      "mean_e2e_output_tok_s": 295.37500203191973,
      "mean_decode_output_tok_s": 359.26802328206463
    },
    "python::Validate an IPv4 address": {
      "count": 1,
      "mean_completion_tokens": 234.0,
      "mean_e2e_output_tok_s": 345.3642459088855,
      "mean_decode_output_tok_s": 397.40991520531
    },
    "python::Group list of dicts by key": {
      "count": 1,
      "mean_completion_tokens": 122.0,
      "mean_e2e_output_tok_s": 292.6207367870866,
      "mean_decode_output_tok_s": 369.38449390978025
    },
    "python::Levenshtein edit distance": {
      "count": 1,
      "mean_completion_tokens": 204.0,
      "mean_e2e_output_tok_s": 361.7804345171915,
      "mean_decode_output_tok_s": 436.9329688491154
    },
    "javascript::Debounce with leading-edge option": {
      "count": 1,
      "mean_completion_tokens": 508.0,
      "mean_e2e_output_tok_s": 331.2599183741803,
      "mean_decode_output_tok_s": 353.46102728029734
    },
    "javascript::Deep clone an object": {
      "count": 1,
      "mean_completion_tokens": 239.0,
      "mean_e2e_output_tok_s": 363.4448275478356,
      "mean_decode_output_tok_s": 427.148029618772
    },
    "javascript::Fetch with AbortController timeout": {
      "count": 1,
      "mean_completion_tokens": 226.0,
      "mean_e2e_output_tok_s": 345.70993565609984,
      "mean_decode_output_tok_s": 398.72433546996024
    },
    "javascript::Flatten a nested array to depth": {
      "count": 1,
      "mean_completion_tokens": 210.0,
      "mean_e2e_output_tok_s": 326.78585096873564,
      "mean_decode_output_tok_s": 377.5624842285056
    },
    "javascript::Curry with partial application": {
      "count": 1,
      "mean_completion_tokens": 210.0,
      "mean_e2e_output_tok_s": 325.6105392487571,
      "mean_decode_output_tok_s": 383.3177606401446
    },
    "javascript::useLocalStorage React hook": {
      "count": 1,
      "mean_completion_tokens": 371.0,
      "mean_e2e_output_tok_s": 392.2218292365737,
      "mean_decode_output_tok_s": 438.06752214677033
    },
    "javascript::Throttle to once per N ms": {
      "count": 1,
      "mean_completion_tokens": 197.0,
      "mean_e2e_output_tok_s": 330.4965755565847,
      "mean_decode_output_tok_s": 389.6510631590408
    },
    "javascript::TypeScript generic pick-keys": {
      "count": 1,
      "mean_completion_tokens": 169.0,
      "mean_e2e_output_tok_s": 297.23403677517655,
      "mean_decode_output_tok_s": 349.40585950833815
    },
    "javascript::Parse a query string": {
      "count": 1,
      "mean_completion_tokens": 243.0,
      "mean_e2e_output_tok_s": 344.07679910920837,
      "mean_decode_output_tok_s": 398.2028544955659
    },
    "javascript::Memoize by stringified args": {
      "count": 1,
      "mean_completion_tokens": 117.0,
      "mean_e2e_output_tok_s": 291.58369603576585,
      "mean_decode_output_tok_s": 371.4371557891149
    },
    "algorithms::Binary search, correct boundaries": {
      "count": 1,
      "mean_completion_tokens": 259.0,
      "mean_e2e_output_tok_s": 322.4440395705757,
      "mean_decode_output_tok_s": 360.515068981626
    },
    "algorithms::Quicksort plus complexity": {
      "count": 1,
      "mean_completion_tokens": 114.0,
      "mean_e2e_output_tok_s": 342.06589866090854,
      "mean_decode_output_tok_s": 464.10003822022725
    },
    "algorithms::BFS on an adjacency list": {
      "count": 1,
      "mean_completion_tokens": 141.0,
      "mean_e2e_output_tok_s": 326.27533980841764,
      "mean_decode_output_tok_s": 406.0878174514007
    },
    "algorithms::Dijkstra with a heap": {
      "count": 1,
      "mean_completion_tokens": 447.0,
      "mean_e2e_output_tok_s": 363.1965514507437,
      "mean_decode_output_tok_s": 390.241396656991
    },
    "algorithms::LRU cache, O(1)": {
      "count": 1,
      "mean_completion_tokens": 197.0,
      "mean_e2e_output_tok_s": 352.0628524891846,
      "mean_decode_output_tok_s": 426.73670430963506
    },
    "algorithms::Two-sum in O(n)": {
      "count": 1,
      "mean_completion_tokens": 110.0,
      "mean_e2e_output_tok_s": 289.42592360057887,
      "mean_decode_output_tok_s": 372.7899238587925
    },
    "algorithms::Linked-list cycle with Floyd": {
      "count": 1,
      "mean_completion_tokens": 229.0,
      "mean_e2e_output_tok_s": 352.76801822869567,
      "mean_decode_output_tok_s": 407.16480258497677
    },
    "algorithms::Merge sort plus stability": {
      "count": 1,
      "mean_completion_tokens": 339.0,
      "mean_e2e_output_tok_s": 318.08246483786047,
      "mean_decode_output_tok_s": 345.54713161693
    },
    "algorithms::Trie insert/search": {
      "count": 1,
      "mean_completion_tokens": 241.0,
      "mean_e2e_output_tok_s": 375.8353396550585,
      "mean_decode_output_tok_s": 433.80819630518727
    },
    "algorithms::DP coin-change": {
      "count": 1,
      "mean_completion_tokens": 199.0,
      "mean_e2e_output_tok_s": 342.606112359291,
      "mean_decode_output_tok_s": 402.52186625053554
    },
    "sql::Second-highest salary": {
      "count": 1,
      "mean_completion_tokens": 31.0,
      "mean_e2e_output_tok_s": 157.69986990529262,
      "mean_decode_output_tok_s": 301.88411438340717
    },