{
  "_meta": {
    "ts": "2026-06-04T09:02:59.879310+00:00",
    "host": "ion8-h200",
    "gpu_id": "0",
    "gpu_model": "NVIDIA H200",
    "sglang_commit": "84e1108312",
    "baseline_pin": "0689ba84b88c991684b0f99ee9b50c3ce485b483",
    "command": "python benchmark.py --lock --host ion8-h200",
    "gpu_state_before": "gpu0 util/memMiB=0, 4 other_compute_procs=0",
    "gpu_state_after": "gpu0 util/memMiB=19, 903 other_compute_procs=1"
  },
  "production__single__B1S4096F1D3840__bfloat16__rms__affW__sc11D__shBSD": {
    "median_us": 82.35697168856859,
    "gpu_time_us": 65.98400324583054,
    "host_overhead_us": 16.372968442738056,
    "achieved_gbps": 1430.4557977234315,
    "dtype": "bfloat16",
    "B": 1,
    "S": 4096,
    "D": 3840,
    "entry": "single",
    "warmup": 25,
    "iters": 100
  },
  "production__dual__B1S4096F1D3840__bfloat16__rms__affW__sc11D__shBSD": {
    "median_us": 106.80349078029394,
    "gpu_time_us": 77.79200002551079,
    "host_overhead_us": 29.011490754783154,
    "achieved_gbps": 1617.90209737153,
    "dtype": "bfloat16",
    "B": 1,
    "S": 4096,
    "D": 3840,
    "entry": "dual",
    "warmup": 25,
    "iters": 100
  },
  "production__single__B1S4128F1D3840__bfloat16__rms__affW__sc11D__shBSD": {
    "median_us": 81.39561396092176,
    "gpu_time_us": 65.98400324583054,
    "host_overhead_us": 15.411610715091228,
    "achieved_gbps": 1441.6294150205385,
    "dtype": "bfloat16",
    "B": 1,
    "S": 4128,
    "D": 3840,
    "entry": "single",
    "warmup": 25,
    "iters": 100
  },
  "production__dual__B1S4128F1D3840__bfloat16__rms__affW__sc11D__shBSD": {
    "median_us": 107.72398672997952,
    "gpu_time_us": 77.56800204515457,
    "host_overhead_us": 30.155984684824944,
    "achieved_gbps": 1635.24748163761,
    "dtype": "bfloat16",
    "B": 1,
    "S": 4128,
    "D": 3840,
    "entry": "dual",
    "warmup": 25,
    "iters": 100
  }
}