{
  "count": 120,
  "overall": {
    "mean_completion_tokens": 208.05,
    "mean_e2e_output_tok_s": 303.3489419343866,
    "mean_decode_output_tok_s": 381.42318138988924,
    "p50_ttft_s": 0.0947314195218496,
    "p95_ttft_s": 0.09915103986859322,
    "mean_decode_s": 0.562180696958967
  },
  "by_domain": {
    "python": {
      "count": 30,
      "mean_completion_tokens": 146.5,
      "mean_e2e_output_tok_s": 312.88844785092573,
      "mean_decode_output_tok_s": 403.0701321284611,
      "p50_ttft_s": 0.09416534897172824,
      "p95_ttft_s": 0.09815722960338462
    },
    "javascript": {
      "count": 30,
      "mean_completion_tokens": 249.0,
      "mean_e2e_output_tok_s": 323.9391507835226,
      "mean_decode_output_tok_s": 388.3506147477497,
      "p50_ttft_s": 0.09503493850934319,
      "p95_ttft_s": 0.09833491246972699
    },
    "algorithms": {
      "count": 30,
      "mean_completion_tokens": 227.6,
      "mean_e2e_output_tok_s": 323.93448169465864,
      "mean_decode_output_tok_s": 400.02310685991483,
      "p50_ttft_s": 0.09502955799689516,
      "p95_ttft_s": 0.10762960790307258
    },
    "sql": {
      "count": 30,
      "mean_completion_tokens": 209.1,
      "mean_e2e_output_tok_s": 252.63368740843927,
      "mean_decode_output_tok_s": 334.24887182343116,
      "p50_ttft_s": 0.09459824798977934,
      "p95_ttft_s": 0.09885980398976243
    }
  },
  "by_task": {
    "python::Flatten an arbitrarily nested list": {
      "count": 3,
      "mean_completion_tokens": 96.0,
      "mean_e2e_output_tok_s": 316.1259458708494,
      "mean_decode_output_tok_s": 485.8494566136022
    },
    "python::Retry decorator with three attempts": {
      "count": 3,
      "mean_completion_tokens": 133.0,
      "mean_e2e_output_tok_s": 308.4693139883041,
      "mean_decode_output_tok_s": 395.1777943309651
    },
    "python::Merge two sorted lists": {
      "count": 3,
      "mean_completion_tokens": 119.0,
      "mean_e2e_output_tok_s": 289.02662641990423,
      "mean_decode_output_tok_s": 374.90198742962156
    },
    "python::Simple stack class": {
      "count": 3,
      "mean_completion_tokens": 157.0,
      "mean_e2e_output_tok_s": 389.257090165328,
      "mean_decode_output_tok_s": 507.40627815883107
    },
    "python::Generator of first n primes": {
      "count": 3,
      "mean_completion_tokens": 153.0,
      "mean_e2e_output_tok_s": 290.90615472619726,
      "mean_decode_output_tok_s": 362.5283251514952
    },
    "python::Top-3 word frequencies": {
      "count": 3,
      "mean_completion_tokens": 101.0,
      "mean_e2e_output_tok_s": 255.28848847554897,
      "mean_decode_output_tok_s": 335.2326724036623
    },
    "python::Timing context manager": {
      "count": 3,
      "mean_completion_tokens": 146.0,
      "mean_e2e_output_tok_s": 291.7724109404888,
      "mean_decode_output_tok_s": 359.44583276746926
    },
    "python::Validate an IPv4 address": {
      "count": 3,
      "mean_completion_tokens": 234.0,
      "mean_e2e_output_tok_s": 342.94103881534267,
      "mean_decode_output_tok_s": 397.61310735722196
    },
    "python::Group list of dicts by key": {
      "count": 3,
      "mean_completion_tokens": 122.0,
      "mean_e2e_output_tok_s": 288.1275380749442,
      "mean_decode_output_tok_s": 375.52003403322107
    },
    "python::Levenshtein edit distance": {
      "count": 3,
      "mean_completion_tokens": 204.0,
      "mean_e2e_output_tok_s": 356.9698710323497,
      "mean_decode_output_tok_s": 437.02583303852174
    },
    "javascript::Debounce with leading-edge option": {
      "count": 3,
      "mean_completion_tokens": 508.0,
      "mean_e2e_output_tok_s": 329.1002483351043,
      "mean_decode_output_tok_s": 353.3449903823243
    },
    "javascript::Deep clone an object": {
      "count": 3,
      "mean_completion_tokens": 239.0,
      "mean_e2e_output_tok_s": 359.3213275790946,
      "mean_decode_output_tok_s": 427.4359144846222
    },
    "javascript::Fetch with AbortController timeout": {
      "count": 3,
      "mean_completion_tokens": 226.0,
      "mean_e2e_output_tok_s": 340.73168777603627,
      "mean_decode_output_tok_s": 398.4467097865666
    },
    "javascript::Flatten a nested array to depth": {
      "count": 3,
      "mean_completion_tokens": 210.0,
      "mean_e2e_output_tok_s": 321.41701425248976,
      "mean_decode_output_tok_s": 376.6024406147853
    },
    "javascript::Curry with partial application": {
      "count": 3,
      "mean_completion_tokens": 210.0,
      "mean_e2e_output_tok_s": 321.81321830104173,
      "mean_decode_output_tok_s": 383.3722323120467
    },
    "javascript::useLocalStorage React hook": {
      "count": 3,
      "mean_completion_tokens": 371.0,
      "mean_e2e_output_tok_s": 389.29335367585594,
      "mean_decode_output_tok_s": 438.33800259383446
    },
    "javascript::Throttle to once per N ms": {
      "count": 3,
      "mean_completion_tokens": 197.0,
      "mean_e2e_output_tok_s": 327.2662110239707,
      "mean_decode_output_tok_s": 388.96428740490995
    },
    "javascript::TypeScript generic pick-keys": {
      "count": 3,
      "mean_completion_tokens": 169.0,
      "mean_e2e_output_tok_s": 292.0450329056989,
      "mean_decode_output_tok_s": 349.0876412455019
    },
    "javascript::Parse a query string": {
      "count": 3,
      "mean_completion_tokens": 243.0,
      "mean_e2e_output_tok_s": 274.40475369546806,
      "mean_decode_output_tok_s": 397.3815871345925
    },
    "javascript::Memoize by stringified args": {
      "count": 3,
      "mean_completion_tokens": 117.0,
      "mean_e2e_output_tok_s": 283.99866029046603,
      "mean_decode_output_tok_s": 370.53234151831316
    },
    "algorithms::Binary search, correct boundaries": {
      "count": 3,
      "mean_completion_tokens": 259.0,
      "mean_e2e_output_tok_s": 315.8190671769942,
      "mean_decode_output_tok_s": 360.25787755104665
    },
    "algorithms::Quicksort plus complexity": {
      "count": 3,
      "mean_completion_tokens": 114.0,
      "mean_e2e_output_tok_s": 251.43433528271356,
      "mean_decode_output_tok_s": 463.7162962260194
    },
    "algorithms::BFS on an adjacency list": {
      "count": 3,
      "mean_completion_tokens": 141.0,
      "mean_e2e_output_tok_s": 318.3129990499451,
      "mean_decode_output_tok_s": 404.99355194341945
    },
    "algorithms::Dijkstra with a heap": {
      "count": 3,
      "mean_completion_tokens": 447.0,
      "mean_e2e_output_tok_s": 359.4463561486852,
      "mean_decode_output_tok_s": 389.68538794375945
    },
    "algorithms::LRU cache, O(1)": {
      "count": 3,
      "mean_completion_tokens": 197.0,
      "mean_e2e_output_tok_s": 344.66566610255416,
      "mean_decode_output_tok_s": 423.1191565134086
    },
    "algorithms::Two-sum in O(n)": {
      "count": 3,
      "mean_completion_tokens": 110.0,
      "mean_e2e_output_tok_s": 280.2030927792066,
      "mean_decode_output_tok_s": 371.61398288368457
    },
    "algorithms::Linked-list cycle with Floyd": {
      "count": 3,
      "mean_completion_tokens": 229.0,
      "mean_e2e_output_tok_s": 347.2944308827564,
      "mean_decode_output_tok_s": 406.43718897468034
    },
    "algorithms::Merge sort plus stability": {
      "count": 3,
      "mean_completion_tokens": 339.0,
      "mean_e2e_output_tok_s": 314.5134205617843,
      "mean_decode_output_tok_s": 345.16303891287276
    },
    "algorithms::Trie insert/search": {
      "count": 3,
      "mean_completion_tokens": 241.0,
      "mean_e2e_output_tok_s": 370.04168778704224,
      "mean_decode_output_tok_s": 433.4151348043368
    },
    "algorithms::DP coin-change": {
      "count": 3,
      "mean_completion_tokens": 199.0,
      "mean_e2e_output_tok_s": 337.6137611749048,
      "mean_decode_output_tok_s": 401.82945284592046
    },
    "sql::Second-highest salary": {
      "count": 3,
      "mean_completion_tokens": 31.0,
      "mean_e2e_output_tok_s": 149.1393304941742,
      "mean_decode_output_tok_s": 305.0347177390854
    },