{
  "count": 40,
  "overall": {
    "mean_completion_tokens": 208.05,
    "mean_e2e_output_tok_s": 312.1014687904641,
    "mean_decode_output_tok_s": 378.8587891178104,
    "p50_ttft_s": 0.08278093847911805,
    "p95_ttft_s": 0.08668271016795187,
    "mean_decode_s": 0.5658351554258843
  },
  "by_domain": {
    "python": {
      "count": 10,
      "mean_completion_tokens": 146.5,
      "mean_e2e_output_tok_s": 318.92064227988027,
      "mean_decode_output_tok_s": 399.5370735811493,
      "p50_ttft_s": 0.08250444300938398,
      "p95_ttft_s": 0.08763873469724785
    },
    "javascript": {
      "count": 10,
      "mean_completion_tokens": 249.0,
      "mean_e2e_output_tok_s": 333.2969373469962,
      "mean_decode_output_tok_s": 385.6857259442771,
      "p50_ttft_s": 0.08423403100459836,
      "p95_ttft_s": 0.09159671130182687
    },
    "algorithms": {
      "count": 10,
      "mean_completion_tokens": 227.6,
      "mean_e2e_output_tok_s": 338.39188060477943,
      "mean_decode_output_tok_s": 398.02615248175863,
      "p50_ttft_s": 0.08235045251785778,
      "p95_ttft_s": 0.0845450935914414
    },
    "sql": {
      "count": 10,
      "mean_completion_tokens": 209.1,
      "mean_e2e_output_tok_s": 257.7964149302004,
      "mean_decode_output_tok_s": 332.1862044640564,
      "p50_ttft_s": 0.08275842849980108,
      "p95_ttft_s": 0.08572721568925772
    }
  },
  "by_task": {
    "python::Flatten an arbitrarily nested list": {
      "count": 1,
      "mean_completion_tokens": 96.0,
      "mean_e2e_output_tok_s": 328.9939871328959,
      "mean_decode_output_tok_s": 480.3113450212219
    },
    "python::Retry decorator with three attempts": {
      "count": 1,
      "mean_completion_tokens": 133.0,
      "mean_e2e_output_tok_s": 315.5875361507686,
      "mean_decode_output_tok_s": 391.524651111369
    },
    "python::Merge two sorted lists": {
      "count": 1,
      "mean_completion_tokens": 119.0,
      "mean_e2e_output_tok_s": 295.3982503169277,
      "mean_decode_output_tok_s": 372.06956449665665
    },
    "python::Simple stack class": {
      "count": 1,
      "mean_completion_tokens": 157.0,
      "mean_e2e_output_tok_s": 399.3690874341431,
      "mean_decode_output_tok_s": 503.59042168720816
    },
    "python::Generator of first n primes": {
      "count": 1,
      "mean_completion_tokens": 153.0,
      "mean_e2e_output_tok_s": 295.8743129369482,
      "mean_decode_output_tok_s": 359.79693147034965
    },
    "python::Top-3 word frequencies": {
      "count": 1,
      "mean_completion_tokens": 101.0,
      "mean_e2e_output_tok_s": 261.6225703695518,
      "mean_decode_output_tok_s": 332.33424993315657
    },
    "python::Timing context manager": {
      "count": 1,
      "mean_completion_tokens": 146.0,
      "mean_e2e_output_tok_s": 295.37949708307275,
      "mean_decode_output_tok_s": 357.78269216308485
    },
    "python::Validate an IPv4 address": {
      "count": 1,
      "mean_completion_tokens": 234.0,
      "mean_e2e_output_tok_s": 345.4252818926557,
      "mean_decode_output_tok_s": 393.8029935743411
    },
    "python::Group list of dicts by key": {
      "count": 1,
      "mean_completion_tokens": 122.0,
      "mean_e2e_output_tok_s": 291.8937411477935,
      "mean_decode_output_tok_s": 370.6993733551713
    },
    "python::Levenshtein edit distance": {
      "count": 1,
      "mean_completion_tokens": 204.0,
      "mean_e2e_output_tok_s": 359.66215833404533,
      "mean_decode_output_tok_s": 433.4585129989337
    },
    "javascript::Debounce with leading-edge option": {
      "count": 1,
      "mean_completion_tokens": 508.0,
      "mean_e2e_output_tok_s": 329.6394302046993,
      "mean_decode_output_tok_s": 351.0242866589793
    },
    "javascript::Deep clone an object": {
      "count": 1,
      "mean_completion_tokens": 239.0,
      "mean_e2e_output_tok_s": 362.40596711821144,
      "mean_decode_output_tok_s": 423.4647224617048
    },
    "javascript::Fetch with AbortController timeout": {
      "count": 1,
      "mean_completion_tokens": 226.0,
      "mean_e2e_output_tok_s": 344.3018665542556,
      "mean_decode_output_tok_s": 396.3714341824043
    },
    "javascript::Flatten a nested array to depth": {
      "count": 1,
      "mean_completion_tokens": 210.0,
      "mean_e2e_output_tok_s": 324.4699855401311,
      "mean_decode_output_tok_s": 373.73654022567894
    },
    "javascript::Curry with partial application": {
      "count": 1,
      "mean_completion_tokens": 210.0,
      "mean_e2e_output_tok_s": 325.13335100502456,
      "mean_decode_output_tok_s": 380.3636236223768
    },
    "javascript::useLocalStorage React hook": {
      "count": 1,
      "mean_completion_tokens": 371.0,
      "mean_e2e_output_tok_s": 392.0667526687276,
      "mean_decode_output_tok_s": 434.7501840589617
    },
    "javascript::Throttle to once per N ms": {
      "count": 1,
      "mean_completion_tokens": 197.0,
      "mean_e2e_output_tok_s": 324.2765290858596,
      "mean_decode_output_tok_s": 385.12897161145514
    },
    "javascript::TypeScript generic pick-keys": {
      "count": 1,
      "mean_completion_tokens": 169.0,
      "mean_e2e_output_tok_s": 295.2545497352227,
      "mean_decode_output_tok_s": 347.70654531450805
    },
    "javascript::Parse a query string": {
      "count": 1,
      "mean_completion_tokens": 243.0,
      "mean_e2e_output_tok_s": 343.80146253037304,
      "mean_decode_output_tok_s": 395.57657676920087
    },
    "javascript::Memoize by stringified args": {
      "count": 1,
      "mean_completion_tokens": 117.0,
      "mean_e2e_output_tok_s": 291.619479027457,
      "mean_decode_output_tok_s": 368.7343745375015
    },
    "algorithms::Binary search, correct boundaries": {
      "count": 1,
      "mean_completion_tokens": 259.0,
      "mean_e2e_output_tok_s": 322.3024410152114,
      "mean_decode_output_tok_s": 358.3021587826365
    },
    "algorithms::Quicksort plus complexity": {
      "count": 1,
      "mean_completion_tokens": 114.0,
      "mean_e2e_output_tok_s": 346.4333866943844,
      "mean_decode_output_tok_s": 460.9522888737453
    },
    "algorithms::BFS on an adjacency list": {
      "count": 1,
      "mean_completion_tokens": 141.0,
      "mean_e2e_output_tok_s": 326.7986217202102,
      "mean_decode_output_tok_s": 403.7580227285665
    },
    "algorithms::Dijkstra with a heap": {
      "count": 1,
      "mean_completion_tokens": 447.0,
      "mean_e2e_output_tok_s": 361.75783181713905,
      "mean_decode_output_tok_s": 387.5378703239959
    },
    "algorithms::LRU cache, O(1)": {
      "count": 1,
      "mean_completion_tokens": 197.0,
      "mean_e2e_output_tok_s": 349.9853042247553,
      "mean_decode_output_tok_s": 421.23015279986055
    },
    "algorithms::Two-sum in O(n)": {
      "count": 1,
      "mean_completion_tokens": 110.0,
      "mean_e2e_output_tok_s": 289.0943620073701,
      "mean_decode_output_tok_s": 370.92133971080483
    },
    "algorithms::Linked-list cycle with Floyd": {
      "count": 1,
      "mean_completion_tokens": 229.0,
      "mean_e2e_output_tok_s": 352.7486139514333,
      "mean_decode_output_tok_s": 404.36462773760104
    },
    "algorithms::Merge sort plus stability": {
      "count": 1,
      "mean_completion_tokens": 339.0,
      "mean_e2e_output_tok_s": 317.17618924773006,
      "mean_decode_output_tok_s": 343.4624976492307
    },
    "algorithms::Trie insert/search": {
      "count": 1,
      "mean_completion_tokens": 241.0,
      "mean_e2e_output_tok_s": 375.84575450631985,
      "mean_decode_output_tok_s": 431.48425677764806
    },
    "algorithms::DP coin-change": {
      "count": 1,
      "mean_completion_tokens": 199.0,
      "mean_e2e_output_tok_s": 341.77630086324064,
      "mean_decode_output_tok_s": 398.2483094334968
    },
    "sql::Second-highest salary": {
      "count": 1,
      "mean_completion_tokens": 31.0,
      "mean_e2e_output_tok_s": 158.50922786214124,
      "mean_decode_output_tok_s": 300.9030421177209
    },