{
  "count": 40,
  "overall": {
    "mean_completion_tokens": 208.05,
    "mean_e2e_output_tok_s": 309.16499256615583,
    "mean_decode_output_tok_s": 375.5048096330631,
    "p50_ttft_s": 0.08523874802631326,
    "p95_ttft_s": 0.08804592905507888,
    "mean_decode_s": 0.5699625377965276
  },
  "by_domain": {
    "python": {
      "count": 10,
      "mean_completion_tokens": 146.5,
      "mean_e2e_output_tok_s": 316.0874484664282,
      "mean_decode_output_tok_s": 395.21758587342765,
      "p50_ttft_s": 0.08317519997945055,
      "p95_ttft_s": 0.08592847775144037
    },
    "javascript": {
      "count": 10,
      "mean_completion_tokens": 249.0,
      "mean_e2e_output_tok_s": 330.89571521460283,
      "mean_decode_output_tok_s": 383.22617772626853,
      "p50_ttft_s": 0.08650237249094062,
      "p95_ttft_s": 0.08972265364718623
    },
    "algorithms": {
      "count": 10,
      "mean_completion_tokens": 227.6,
      "mean_e2e_output_tok_s": 334.5875392631642,
      "mean_decode_output_tok_s": 395.8140507221956,
      "p50_ttft_s": 0.08616070402786136,
      "p95_ttft_s": 0.08790319313702638
    },
    "sql": {
      "count": 10,
      "mean_completion_tokens": 209.1,
      "mean_e2e_output_tok_s": 255.089267320428,
      "mean_decode_output_tok_s": 327.7614242103606,
      "p50_ttft_s": 0.08395998700871132,
      "p95_ttft_s": 0.0886258795420872
    }
  },
  "by_task": {
    "python::Flatten an arbitrarily nested list": {
      "count": 1,
      "mean_completion_tokens": 96.0,
      "mean_e2e_output_tok_s": 325.2159257525378,
      "mean_decode_output_tok_s": 475.6105475318139
    },
    "python::Retry decorator with three attempts": {
      "count": 1,
      "mean_completion_tokens": 133.0,
      "mean_e2e_output_tok_s": 311.1811752828477,
      "mean_decode_output_tok_s": 386.46669760254986
    },
    "python::Merge two sorted lists": {
      "count": 1,
      "mean_completion_tokens": 119.0,
      "mean_e2e_output_tok_s": 291.5983775889981,
      "mean_decode_output_tok_s": 367.2887798092045
    },
    "python::Simple stack class": {
      "count": 1,
      "mean_completion_tokens": 157.0,
      "mean_e2e_output_tok_s": 393.6987112246383,
      "mean_decode_output_tok_s": 497.5241155216623
    },
    "python::Generator of first n primes": {
      "count": 1,
      "mean_completion_tokens": 153.0,
      "mean_e2e_output_tok_s": 291.917444730652,
      "mean_decode_output_tok_s": 355.7861384485501
    },
    "python::Top-3 word frequencies": {
      "count": 1,
      "mean_completion_tokens": 101.0,
      "mean_e2e_output_tok_s": 259.0054190160839,
      "mean_decode_output_tok_s": 328.49706618826804
    },
    "python::Timing context manager": {
      "count": 1,
      "mean_completion_tokens": 146.0,
      "mean_e2e_output_tok_s": 294.3261205579014,
      "mean_decode_output_tok_s": 352.7308439970025
    },
    "python::Validate an IPv4 address": {
      "count": 1,
      "mean_completion_tokens": 234.0,
      "mean_e2e_output_tok_s": 341.29741517066225,
      "mean_decode_output_tok_s": 391.2565281390939
    },
    "python::Group list of dicts by key": {
      "count": 1,
      "mean_completion_tokens": 122.0,
      "mean_e2e_output_tok_s": 293.3152474010122,
      "mean_decode_output_tok_s": 367.60751645163197
    },
    "python::Levenshtein edit distance": {
      "count": 1,
      "mean_completion_tokens": 204.0,
      "mean_e2e_output_tok_s": 359.31864793894874,
      "mean_decode_output_tok_s": 429.4076250444995
    },
    "javascript::Debounce with leading-edge option": {
      "count": 1,
      "mean_completion_tokens": 508.0,
      "mean_e2e_output_tok_s": 327.3206277931173,
      "mean_decode_output_tok_s": 348.66629801308244
    },
    "javascript::Deep clone an object": {
      "count": 1,
      "mean_completion_tokens": 239.0,
      "mean_e2e_output_tok_s": 357.6251958350624,
      "mean_decode_output_tok_s": 421.93842686325814
    },
    "javascript::Fetch with AbortController timeout": {
      "count": 1,
      "mean_completion_tokens": 226.0,
      "mean_e2e_output_tok_s": 342.3166165407658,
      "mean_decode_output_tok_s": 392.68746846606655
    },
    "javascript::Flatten a nested array to depth": {
      "count": 1,
      "mean_completion_tokens": 210.0,
      "mean_e2e_output_tok_s": 322.3734887393543,
      "mean_decode_output_tok_s": 372.41026762377516
    },
    "javascript::Curry with partial application": {
      "count": 1,
      "mean_completion_tokens": 210.0,
      "mean_e2e_output_tok_s": 321.41230747276563,
      "mean_decode_output_tok_s": 376.57181481067175
    },
    "javascript::useLocalStorage React hook": {
      "count": 1,
      "mean_completion_tokens": 371.0,
      "mean_e2e_output_tok_s": 388.073702245874,
      "mean_decode_output_tok_s": 432.24644711059034
    },
    "javascript::Throttle to once per N ms": {
      "count": 1,
      "mean_completion_tokens": 197.0,
      "mean_e2e_output_tok_s": 328.45884840773084,
      "mean_decode_output_tok_s": 384.16553369510683
    },
    "javascript::TypeScript generic pick-keys": {
      "count": 1,
      "mean_completion_tokens": 169.0,
      "mean_e2e_output_tok_s": 293.7355480039988,
      "mean_decode_output_tok_s": 344.85882686623273
    },
    "javascript::Parse a query string": {
      "count": 1,
      "mean_completion_tokens": 243.0,
      "mean_e2e_output_tok_s": 339.5369571737607,
      "mean_decode_output_tok_s": 393.05651844992025
    },
    "javascript::Memoize by stringified args": {
      "count": 1,
      "mean_completion_tokens": 117.0,
      "mean_e2e_output_tok_s": 288.10385993359864,
      "mean_decode_output_tok_s": 365.66017536398095
    },
    "algorithms::Binary search, correct boundaries": {
      "count": 1,
      "mean_completion_tokens": 259.0,
      "mean_e2e_output_tok_s": 319.1781795437326,
      "mean_decode_output_tok_s": 355.9133659022814
    },
    "algorithms::Quicksort plus complexity": {
      "count": 1,
      "mean_completion_tokens": 114.0,
      "mean_e2e_output_tok_s": 341.1331278559403,
      "mean_decode_output_tok_s": 461.0777347803222
    },
    "algorithms::BFS on an adjacency list": {
      "count": 1,
      "mean_completion_tokens": 141.0,
      "mean_e2e_output_tok_s": 321.7643303085167,
      "mean_decode_output_tok_s": 400.59921010187
    },
    "algorithms::Dijkstra with a heap": {
      "count": 1,
      "mean_completion_tokens": 447.0,
      "mean_e2e_output_tok_s": 358.6095435320472,
      "mean_decode_output_tok_s": 385.27066762691265
    },
    "algorithms::LRU cache, O(1)": {
      "count": 1,
      "mean_completion_tokens": 197.0,
      "mean_e2e_output_tok_s": 347.81561704747867,
      "mean_decode_output_tok_s": 418.43866770849536
    },
    "algorithms::Two-sum in O(n)": {
      "count": 1,
      "mean_completion_tokens": 110.0,
      "mean_e2e_output_tok_s": 284.2865558010438,
      "mean_decode_output_tok_s": 367.8350149334552
    },
    "algorithms::Linked-list cycle with Floyd": {
      "count": 1,
      "mean_completion_tokens": 229.0,
      "mean_e2e_output_tok_s": 349.2337081910348,
      "mean_decode_output_tok_s": 401.47646423563424
    },
    "algorithms::Merge sort plus stability": {
      "count": 1,
      "mean_completion_tokens": 339.0,
      "mean_e2e_output_tok_s": 314.05461231541165,
      "mean_decode_output_tok_s": 341.0189162157296
    },
    "algorithms::Trie insert/search": {
      "count": 1,
      "mean_completion_tokens": 241.0,
      "mean_e2e_output_tok_s": 370.70452172580406,
      "mean_decode_output_tok_s": 428.76532329773823
    },
    "algorithms::DP coin-change": {
      "count": 1,
      "mean_completion_tokens": 199.0,
      "mean_e2e_output_tok_s": 339.0951963106322,
      "mean_decode_output_tok_s": 397.745142419517
    },
    "sql::Second-highest salary": {
      "count": 1,
      "mean_completion_tokens": 31.0,
      "mean_e2e_output_tok_s": 155.65419750280716,
      "mean_decode_output_tok_s": 292.41466455675913
    },