{
  "count": 120,
  "overall": {
    "mean_completion_tokens": 208.05,
    "mean_e2e_output_tok_s": 301.1958425295017,
    "mean_decode_output_tok_s": 379.19890062514554,
    "p50_ttft_s": 0.09742951701628044,
    "p95_ttft_s": 0.10048935751547106,
    "mean_decode_s": 0.5658971426668965
  },
  "by_domain": {
    "python": {
      "count": 30,
      "mean_completion_tokens": 146.5,
      "mean_e2e_output_tok_s": 309.6872258567498,
      "mean_decode_output_tok_s": 398.93456954212706,
      "p50_ttft_s": 0.09516068053198978,
      "p95_ttft_s": 0.0991541465278715
    },
    "javascript": {
      "count": 30,
      "mean_completion_tokens": 249.0,
      "mean_e2e_output_tok_s": 321.22141678887493,
      "mean_decode_output_tok_s": 385.3818317503824,
      "p50_ttft_s": 0.09586529599619098,
      "p95_ttft_s": 0.09886788899893872
    },
    "algorithms": {
      "count": 30,
      "mean_completion_tokens": 227.6,
      "mean_e2e_output_tok_s": 323.070151782199,
      "mean_decode_output_tok_s": 398.92360597203003,
      "p50_ttft_s": 0.09769458748633042,
      "p95_ttft_s": 0.10529953334771561
    },
    "sql": {
      "count": 30,
      "mean_completion_tokens": 209.1,
      "mean_e2e_output_tok_s": 250.80457569018319,
      "mean_decode_output_tok_s": 333.5555952360426,
      "p50_ttft_s": 0.09821470247698016,
      "p95_ttft_s": 0.10034111399727408
    }
  },
  "by_task": {
    "python::Flatten an arbitrarily nested list": {
      "count": 3,
      "mean_completion_tokens": 96.0,
      "mean_e2e_output_tok_s": 313.17889870633104,
      "mean_decode_output_tok_s": 481.0868818259614
    },
    "python::Retry decorator with three attempts": {
      "count": 3,
      "mean_completion_tokens": 133.0,
      "mean_e2e_output_tok_s": 305.2885452797814,
      "mean_decode_output_tok_s": 391.4662172219209
    },
    "python::Merge two sorted lists": {
      "count": 3,
      "mean_completion_tokens": 119.0,
      "mean_e2e_output_tok_s": 286.3558308171747,
      "mean_decode_output_tok_s": 371.4035161518136
    },
    "python::Simple stack class": {
      "count": 3,
      "mean_completion_tokens": 157.0,
      "mean_e2e_output_tok_s": 385.0574068015229,
      "mean_decode_output_tok_s": 502.06760687756537
    },
    "python::Generator of first n primes": {
      "count": 3,
      "mean_completion_tokens": 153.0,
      "mean_e2e_output_tok_s": 288.2593531943598,
      "mean_decode_output_tok_s": 359.35705124087974
    },
    "python::Top-3 word frequencies": {
      "count": 3,
      "mean_completion_tokens": 101.0,
      "mean_e2e_output_tok_s": 251.25853607503174,
      "mean_decode_output_tok_s": 331.944543411304
    },
    "python::Timing context manager": {
      "count": 3,
      "mean_completion_tokens": 146.0,
      "mean_e2e_output_tok_s": 288.4806667765386,
      "mean_decode_output_tok_s": 355.9399728646616
    },
    "python::Validate an IPv4 address": {
      "count": 3,
      "mean_completion_tokens": 234.0,
      "mean_e2e_output_tok_s": 338.4280443306021,
      "mean_decode_output_tok_s": 392.7384805417781
    },
    "python::Group list of dicts by key": {
      "count": 3,
      "mean_completion_tokens": 122.0,
      "mean_e2e_output_tok_s": 286.8464615673363,
      "mean_decode_output_tok_s": 370.76759117124215
    },
    "python::Levenshtein edit distance": {
      "count": 3,
      "mean_completion_tokens": 204.0,
      "mean_e2e_output_tok_s": 353.7185150188198,
      "mean_decode_output_tok_s": 432.5738341141437
    },
    "javascript::Debounce with leading-edge option": {
      "count": 3,
      "mean_completion_tokens": 508.0,
      "mean_e2e_output_tok_s": 326.682098101093,
      "mean_decode_output_tok_s": 350.56936639714445
    },
    "javascript::Deep clone an object": {
      "count": 3,
      "mean_completion_tokens": 239.0,
      "mean_e2e_output_tok_s": 355.11003776375406,
      "mean_decode_output_tok_s": 422.4092164111823
    },
    "javascript::Fetch with AbortController timeout": {
      "count": 3,
      "mean_completion_tokens": 226.0,
      "mean_e2e_output_tok_s": 338.41144352149627,
      "mean_decode_output_tok_s": 395.1160894430016
    },
    "javascript::Flatten a nested array to depth": {
      "count": 3,
      "mean_completion_tokens": 210.0,
      "mean_e2e_output_tok_s": 319.43583682757725,
      "mean_decode_output_tok_s": 373.9776390050832
    },
    "javascript::Curry with partial application": {
      "count": 3,
      "mean_completion_tokens": 210.0,
      "mean_e2e_output_tok_s": 318.58268553213645,
      "mean_decode_output_tok_s": 379.78078635311306
    },
    "javascript::useLocalStorage React hook": {
      "count": 3,
      "mean_completion_tokens": 371.0,
      "mean_e2e_output_tok_s": 385.85271068619414,
      "mean_decode_output_tok_s": 434.12429149117213
    },
    "javascript::Throttle to once per N ms": {
      "count": 3,
      "mean_completion_tokens": 197.0,
      "mean_e2e_output_tok_s": 324.9110892596666,
      "mean_decode_output_tok_s": 385.69197459887744
    },
    "javascript::TypeScript generic pick-keys": {
      "count": 3,
      "mean_completion_tokens": 169.0,
      "mean_e2e_output_tok_s": 289.3236509754867,
      "mean_decode_output_tok_s": 346.62957663015607
    },
    "javascript::Parse a query string": {
      "count": 3,
      "mean_completion_tokens": 243.0,
      "mean_e2e_output_tok_s": 337.1152148705177,
      "mean_decode_output_tok_s": 395.5299955321473
    },
    "javascript::Memoize by stringified args": {
      "count": 3,
      "mean_completion_tokens": 117.0,
      "mean_e2e_output_tok_s": 216.78940035082695,
      "mean_decode_output_tok_s": 369.98938164194647
    },
    "algorithms::Binary search, correct boundaries": {
      "count": 3,
      "mean_completion_tokens": 259.0,
      "mean_e2e_output_tok_s": 242.9136183926093,
      "mean_decode_output_tok_s": 358.7655294512262
    },
    "algorithms::Quicksort plus complexity": {
      "count": 3,
      "mean_completion_tokens": 114.0,
      "mean_e2e_output_tok_s": 333.32552315509497,
      "mean_decode_output_tok_s": 465.4593913031101
    },
    "algorithms::BFS on an adjacency list": {
      "count": 3,
      "mean_completion_tokens": 141.0,
      "mean_e2e_output_tok_s": 316.7877406546231,
      "mean_decode_output_tok_s": 404.03385798956157
    },
    "algorithms::Dijkstra with a heap": {
      "count": 3,
      "mean_completion_tokens": 447.0,
      "mean_e2e_output_tok_s": 357.4851651092018,
      "mean_decode_output_tok_s": 387.56341163928926
    },
    "algorithms::LRU cache, O(1)": {
      "count": 3,
      "mean_completion_tokens": 197.0,
      "mean_e2e_output_tok_s": 342.36177931110876,
      "mean_decode_output_tok_s": 421.205768170418
    },
    "algorithms::Two-sum in O(n)": {
      "count": 3,
      "mean_completion_tokens": 110.0,
      "mean_e2e_output_tok_s": 278.48966211924426,
      "mean_decode_output_tok_s": 371.84711761042263
    },
    "algorithms::Linked-list cycle with Floyd": {
      "count": 3,
      "mean_completion_tokens": 229.0,
      "mean_e2e_output_tok_s": 344.26904885002216,
      "mean_decode_output_tok_s": 404.9508728575592
    },
    "algorithms::Merge sort plus stability": {
      "count": 3,
      "mean_completion_tokens": 339.0,
      "mean_e2e_output_tok_s": 312.6650436770982,
      "mean_decode_output_tok_s": 343.0851789758625
    },
    "algorithms::Trie insert/search": {
      "count": 3,
      "mean_completion_tokens": 241.0,
      "mean_e2e_output_tok_s": 367.7180804216055,
      "mean_decode_output_tok_s": 431.64883267898915
    },
    "algorithms::DP coin-change": {
      "count": 3,
      "mean_completion_tokens": 199.0,
      "mean_e2e_output_tok_s": 334.68585613138185,
      "mean_decode_output_tok_s": 400.6760990438614
    },
    "sql::Second-highest salary": {
      "count": 3,
      "mean_completion_tokens": 31.0,
      "mean_e2e_output_tok_s": 147.48934347276685,
      "mean_decode_output_tok_s": 304.2039613696729
    },