{
  "count": 40,
  "overall": {
    "mean_completion_tokens": 208.05,
    "mean_e2e_output_tok_s": 285.1473975021465,
    "mean_decode_output_tok_s": 378.1381161531539,
    "p50_ttft_s": 0.13383890700060874,
    "p95_ttft_s": 0.13560993596329352,
    "mean_decode_s": 0.567648637900129
  },
  "by_domain": {
    "python": {
      "count": 10,
      "mean_completion_tokens": 146.5,
      "mean_e2e_output_tok_s": 287.07721587672734,
      "mean_decode_output_tok_s": 398.37123280477834,
      "p50_ttft_s": 0.13091472198721021,
      "p95_ttft_s": 0.13276782736065795
    },
    "javascript": {
      "count": 10,
      "mean_completion_tokens": 249.0,
      "mean_e2e_output_tok_s": 310.1158179031702,
      "mean_decode_output_tok_s": 384.6749482477768,
      "p50_ttft_s": 0.13461843397817574,
      "p95_ttft_s": 0.13551084207138048
    },
    "algorithms": {
      "count": 10,
      "mean_completion_tokens": 227.6,
      "mean_e2e_output_tok_s": 310.1199614587659,
      "mean_decode_output_tok_s": 397.16499897256017,
      "p50_ttft_s": 0.1345525024808012,
      "p95_ttft_s": 0.13571847147250082
    },
    "sql": {
      "count": 10,
      "mean_completion_tokens": 209.1,
      "mean_e2e_output_tok_s": 233.2765947699225,
      "mean_decode_output_tok_s": 332.34128458750024,
      "p50_ttft_s": 0.13396636696415953,
      "p95_ttft_s": 0.1350920748489443
    }
  },
  "by_task": {
    "python::Flatten an arbitrarily nested list": {
      "count": 1,
      "mean_completion_tokens": 96.0,
      "mean_e2e_output_tok_s": 281.3118944291845,
      "mean_decode_output_tok_s": 479.34071717921506
    },
    "python::Retry decorator with three attempts": {
      "count": 1,
      "mean_completion_tokens": 133.0,
      "mean_e2e_output_tok_s": 282.76547192602055,
      "mean_decode_output_tok_s": 390.41505214441827
    },
    "python::Merge two sorted lists": {
      "count": 1,
      "mean_completion_tokens": 119.0,
      "mean_e2e_output_tok_s": 263.9647208408768,
      "mean_decode_output_tok_s": 371.0048221250826
    },
    "python::Simple stack class": {
      "count": 1,
      "mean_completion_tokens": 157.0,
      "mean_e2e_output_tok_s": 353.0543686546318,
      "mean_decode_output_tok_s": 502.0604384747922
    },
    "python::Generator of first n primes": {
      "count": 1,
      "mean_completion_tokens": 153.0,
      "mean_e2e_output_tok_s": 268.94626081014167,
      "mean_decode_output_tok_s": 358.1064183644569
    },
    "python::Top-3 word frequencies": {
      "count": 1,
      "mean_completion_tokens": 101.0,
      "mean_e2e_output_tok_s": 232.09173186853945,
      "mean_decode_output_tok_s": 331.6972317859083
    },
    "python::Timing context manager": {
      "count": 1,
      "mean_completion_tokens": 146.0,
      "mean_e2e_output_tok_s": 270.7251491513292,
      "mean_decode_output_tok_s": 355.38463339953455
    },
    "python::Validate an IPv4 address": {
      "count": 1,
      "mean_completion_tokens": 234.0,
      "mean_e2e_output_tok_s": 321.5705602792926,
      "mean_decode_output_tok_s": 392.9793988351138
    },
    "python::Group list of dicts by key": {
      "count": 1,
      "mean_completion_tokens": 122.0,
      "mean_e2e_output_tok_s": 264.8168592436465,
      "mean_decode_output_tok_s": 370.2507503946087
    },
    "python::Levenshtein edit distance": {
      "count": 1,
      "mean_completion_tokens": 204.0,
      "mean_e2e_output_tok_s": 331.52514156361025,
      "mean_decode_output_tok_s": 432.47286534465303
    },
    "javascript::Debounce with leading-edge option": {
      "count": 1,
      "mean_completion_tokens": 508.0,
      "mean_e2e_output_tok_s": 317.6785081281101,
      "mean_decode_output_tok_s": 349.3842075137576
    },
    "javascript::Deep clone an object": {
      "count": 1,
      "mean_completion_tokens": 239.0,
      "mean_e2e_output_tok_s": 336.52403409205436,
      "mean_decode_output_tok_s": 423.22699875474575
    },
    "javascript::Fetch with AbortController timeout": {
      "count": 1,
      "mean_completion_tokens": 226.0,
      "mean_e2e_output_tok_s": 318.96231814272005,
      "mean_decode_output_tok_s": 394.4947593077203
    },
    "javascript::Flatten a nested array to depth": {
      "count": 1,
      "mean_completion_tokens": 210.0,
      "mean_e2e_output_tok_s": 302.17817103644273,
      "mean_decode_output_tok_s": 373.95016365431934
    },
    "javascript::Curry with partial application": {
      "count": 1,
      "mean_completion_tokens": 210.0,
      "mean_e2e_output_tok_s": 300.49868831198836,
      "mean_decode_output_tok_s": 379.1728150870006
    },
    "javascript::useLocalStorage React hook": {
      "count": 1,
      "mean_completion_tokens": 371.0,
      "mean_e2e_output_tok_s": 370.6349786562568,
      "mean_decode_output_tok_s": 433.2449091319967
    },
    "javascript::Throttle to once per N ms": {
      "count": 1,
      "mean_completion_tokens": 197.0,
      "mean_e2e_output_tok_s": 304.83432247697436,
      "mean_decode_output_tok_s": 385.3720523423379
    },
    "javascript::TypeScript generic pick-keys": {
      "count": 1,
      "mean_completion_tokens": 169.0,
      "mean_e2e_output_tok_s": 272.0516727267784,
      "mean_decode_output_tok_s": 346.2229977011394
    },
    "javascript::Parse a query string": {
      "count": 1,
      "mean_completion_tokens": 243.0,
      "mean_e2e_output_tok_s": 318.6693279676354,
      "mean_decode_output_tok_s": 393.94821166562224
    },
    "javascript::Memoize by stringified args": {
      "count": 1,
      "mean_completion_tokens": 117.0,
      "mean_e2e_output_tok_s": 259.1261574927412,
      "mean_decode_output_tok_s": 367.7323673191283
    },
    "algorithms::Binary search, correct boundaries": {
      "count": 1,
      "mean_completion_tokens": 259.0,
      "mean_e2e_output_tok_s": 302.1226166866737,
      "mean_decode_output_tok_s": 356.8887668103485
    },
    "algorithms::Quicksort plus complexity": {
      "count": 1,
      "mean_completion_tokens": 114.0,
      "mean_e2e_output_tok_s": 298.94930174119764,
      "mean_decode_output_tok_s": 464.3117637381286
    },
    "algorithms::BFS on an adjacency list": {
      "count": 1,
      "mean_completion_tokens": 141.0,
      "mean_e2e_output_tok_s": 291.7975890400737,
      "mean_decode_output_tok_s": 401.90797173031285
    },
    "algorithms::Dijkstra with a heap": {
      "count": 1,
      "mean_completion_tokens": 447.0,
      "mean_e2e_output_tok_s": 346.1902340189586,
      "mean_decode_output_tok_s": 385.72913515960227
    },
    "algorithms::LRU cache, O(1)": {
      "count": 1,
      "mean_completion_tokens": 197.0,
      "mean_e2e_output_tok_s": 320.28049105418137,
      "mean_decode_output_tok_s": 419.7416569321503
    },
    "algorithms::Two-sum in O(n)": {
      "count": 1,
      "mean_completion_tokens": 110.0,
      "mean_e2e_output_tok_s": 255.1161094768892,
      "mean_decode_output_tok_s": 370.23235843176036
    },
    "algorithms::Linked-list cycle with Floyd": {
      "count": 1,
      "mean_completion_tokens": 229.0,
      "mean_e2e_output_tok_s": 325.34936180633065,
      "mean_decode_output_tok_s": 403.02210401580106
    },
    "algorithms::Merge sort plus stability": {
      "count": 1,
      "mean_completion_tokens": 339.0,
      "mean_e2e_output_tok_s": 300.82886446012566,
      "mean_decode_output_tok_s": 341.8319205684301
    },
    "algorithms::Trie insert/search": {
      "count": 1,
      "mean_completion_tokens": 241.0,
      "mean_e2e_output_tok_s": 347.31613940667864,
      "mean_decode_output_tok_s": 429.6324465233331
    },
    "algorithms::DP coin-change": {
      "count": 1,
      "mean_completion_tokens": 199.0,
      "mean_e2e_output_tok_s": 313.2489068965494,
      "mean_decode_output_tok_s": 398.3518658157347
    },
    "sql::Second-highest salary": {
      "count": 1,
      "mean_completion_tokens": 31.0,
      "mean_e2e_output_tok_s": 125.32490783973368,
      "mean_decode_output_tok_s": 303.2208371935267
    },