{
  "count": 40,
  "overall": {
    "mean_completion_tokens": 208.05,
    "mean_e2e_output_tok_s": 311.87427415816796,
    "mean_decode_output_tok_s": 380.5166367306761,
    "p50_ttft_s": 0.08600887001375668,
    "p95_ttft_s": 0.08854197931068483,
    "mean_decode_s": 0.5625388908592868
  },
  "by_domain": {
    "python": {
      "count": 10,
      "mean_completion_tokens": 146.5,
      "mean_e2e_output_tok_s": 317.90434121765236,
      "mean_decode_output_tok_s": 400.9840242666287,
      "p50_ttft_s": 0.08555880148196593,
      "p95_ttft_s": 0.08926110134634654
    },
    "javascript": {
      "count": 10,
      "mean_completion_tokens": 249.0,
      "mean_e2e_output_tok_s": 334.64174737340323,
      "mean_decode_output_tok_s": 388.3158093883506,
      "p50_ttft_s": 0.08691508451011032,
      "p95_ttft_s": 0.08831136653607247
    },
    "algorithms": {
      "count": 10,
      "mean_completion_tokens": 227.6,
      "mean_e2e_output_tok_s": 338.0944544179612,
      "mean_decode_output_tok_s": 400.363870633807,
      "p50_ttft_s": 0.08527447999222204,
      "p95_ttft_s": 0.08749039052636362
    },
    "sql": {
      "count": 10,
      "mean_completion_tokens": 209.1,
      "mean_e2e_output_tok_s": 256.8565536236552,
      "mean_decode_output_tok_s": 332.4028426339182,
      "p50_ttft_s": 0.08567906601820141,
      "p95_ttft_s": 0.09744086988503112
    }
  },
  "by_task": {
    "python::Flatten an arbitrarily nested list": {
      "count": 1,
      "mean_completion_tokens": 96.0,
      "mean_e2e_output_tok_s": 327.8357452791393,
      "mean_decode_output_tok_s": 483.79095931963576
    },
    "python::Retry decorator with three attempts": {
      "count": 1,
      "mean_completion_tokens": 133.0,
      "mean_e2e_output_tok_s": 315.3678676617576,
      "mean_decode_output_tok_s": 394.6377383672927
    },
    "python::Merge two sorted lists": {
      "count": 1,
      "mean_completion_tokens": 119.0,
      "mean_e2e_output_tok_s": 295.5872930377308,
      "mean_decode_output_tok_s": 374.5882114576548
    },
    "python::Simple stack class": {
      "count": 1,
      "mean_completion_tokens": 157.0,
      "mean_e2e_output_tok_s": 387.4449055591592,
      "mean_decode_output_tok_s": 493.29168862054917
    },
    "python::Generator of first n primes": {
      "count": 1,
      "mean_completion_tokens": 153.0,
      "mean_e2e_output_tok_s": 295.52872511414375,
      "mean_decode_output_tok_s": 362.7037112253987
    },
    "python::Top-3 word frequencies": {
      "count": 1,
      "mean_completion_tokens": 101.0,
      "mean_e2e_output_tok_s": 260.9356800246907,
      "mean_decode_output_tok_s": 334.90369563958325
    },
    "python::Timing context manager": {
      "count": 1,
      "mean_completion_tokens": 146.0,
      "mean_e2e_output_tok_s": 295.3879108666747,
      "mean_decode_output_tok_s": 359.2838894194624
    },
    "python::Validate an IPv4 address": {
      "count": 1,
      "mean_completion_tokens": 234.0,
      "mean_e2e_output_tok_s": 347.2276662024977,
      "mean_decode_output_tok_s": 397.6752266351099
    },
    "python::Group list of dicts by key": {
      "count": 1,
      "mean_completion_tokens": 122.0,
      "mean_e2e_output_tok_s": 293.9648696682992,
      "mean_decode_output_tok_s": 371.52656577024646
    },
    "python::Levenshtein edit distance": {
      "count": 1,
      "mean_completion_tokens": 204.0,
      "mean_e2e_output_tok_s": 359.76274876243036,
      "mean_decode_output_tok_s": 437.438556211354
    },
    "javascript::Debounce with leading-edge option": {
      "count": 1,
      "mean_completion_tokens": 508.0,
      "mean_e2e_output_tok_s": 330.96552366517784,
      "mean_decode_output_tok_s": 353.5198628490076
    },
    "javascript::Deep clone an object": {
      "count": 1,
      "mean_completion_tokens": 239.0,
      "mean_e2e_output_tok_s": 364.39765618777403,
      "mean_decode_output_tok_s": 427.7129501465028
    },
    "javascript::Fetch with AbortController timeout": {
      "count": 1,
      "mean_completion_tokens": 226.0,
      "mean_e2e_output_tok_s": 345.30422140744855,
      "mean_decode_output_tok_s": 398.6662567210411
    },
    "javascript::Flatten a nested array to depth": {
      "count": 1,
      "mean_completion_tokens": 210.0,
      "mean_e2e_output_tok_s": 326.4260924358834,
      "mean_decode_output_tok_s": 377.56755917106995
    },
    "javascript::Curry with partial application": {
      "count": 1,
      "mean_completion_tokens": 210.0,
      "mean_e2e_output_tok_s": 324.8065208073853,
      "mean_decode_output_tok_s": 383.08067086586243
    },
    "javascript::useLocalStorage React hook": {
      "count": 1,
      "mean_completion_tokens": 371.0,
      "mean_e2e_output_tok_s": 392.3742124706001,
      "mean_decode_output_tok_s": 438.1353934563452
    },
    "javascript::Throttle to once per N ms": {
      "count": 1,
      "mean_completion_tokens": 197.0,
      "mean_e2e_output_tok_s": 331.5814426854752,
      "mean_decode_output_tok_s": 387.9627731809447
    },
    "javascript::TypeScript generic pick-keys": {
      "count": 1,
      "mean_completion_tokens": 169.0,
      "mean_e2e_output_tok_s": 296.45225710048163,
      "mean_decode_output_tok_s": 348.4954743748771
    },
    "javascript::Parse a query string": {
      "count": 1,
      "mean_completion_tokens": 243.0,
      "mean_e2e_output_tok_s": 342.76466240728973,
      "mean_decode_output_tok_s": 396.7475582146287
    },
    "javascript::Memoize by stringified args": {
      "count": 1,
      "mean_completion_tokens": 117.0,
      "mean_e2e_output_tok_s": 291.34488456651627,
      "mean_decode_output_tok_s": 371.26959490322633
    },
    "algorithms::Binary search, correct boundaries": {
      "count": 1,
      "mean_completion_tokens": 259.0,
      "mean_e2e_output_tok_s": 321.63952047855577,
      "mean_decode_output_tok_s": 359.9203088730283
    },
    "algorithms::Quicksort plus complexity": {
      "count": 1,
      "mean_completion_tokens": 114.0,
      "mean_e2e_output_tok_s": 344.1911126851534,
      "mean_decode_output_tok_s": 468.4466712401023
    },
    "algorithms::BFS on an adjacency list": {
      "count": 1,
      "mean_completion_tokens": 141.0,
      "mean_e2e_output_tok_s": 325.1003296515307,
      "mean_decode_output_tok_s": 405.79309060014475
    },
    "algorithms::Dijkstra with a heap": {
      "count": 1,
      "mean_completion_tokens": 447.0,
      "mean_e2e_output_tok_s": 362.95191972975084,
      "mean_decode_output_tok_s": 389.92874995596316
    },
    "algorithms::LRU cache, O(1)": {
      "count": 1,
      "mean_completion_tokens": 197.0,
      "mean_e2e_output_tok_s": 350.92573444058195,
      "mean_decode_output_tok_s": 422.90857544468207
    },
    "algorithms::Two-sum in O(n)": {
      "count": 1,
      "mean_completion_tokens": 110.0,
      "mean_e2e_output_tok_s": 288.6548577355396,
      "mean_decode_output_tok_s": 371.5132212867413
    },
    "algorithms::Linked-list cycle with Floyd": {
      "count": 1,
      "mean_completion_tokens": 229.0,
      "mean_e2e_output_tok_s": 352.881552632926,
      "mean_decode_output_tok_s": 406.0177533071115
    },
    "algorithms::Merge sort plus stability": {
      "count": 1,
      "mean_completion_tokens": 339.0,
      "mean_e2e_output_tok_s": 317.82577110644075,
      "mean_decode_output_tok_s": 345.03161848051667
    },
    "algorithms::Trie insert/search": {
      "count": 1,
      "mean_completion_tokens": 241.0,
      "mean_e2e_output_tok_s": 375.59602801651323,
      "mean_decode_output_tok_s": 432.81741539486103
    },
    "algorithms::DP coin-change": {
      "count": 1,
      "mean_completion_tokens": 199.0,
      "mean_e2e_output_tok_s": 341.17771770261953,
      "mean_decode_output_tok_s": 401.2613017549189
    },
    "sql::Second-highest salary": {
      "count": 1,
      "mean_completion_tokens": 31.0,
      "mean_e2e_output_tok_s": 154.92377749821122,
      "mean_decode_output_tok_s": 297.20601793474907
    },