{
  "count": 40,
  "overall": {
    "mean_completion_tokens": 208.05,
    "mean_e2e_output_tok_s": 308.9951284043545,
    "mean_decode_output_tok_s": 374.6714539562468,
    "p50_ttft_s": 0.08399615201051347,
    "p95_ttft_s": 0.08839489102247171,
    "mean_decode_s": 0.571244580327766
  },
  "by_domain": {
    "python": {
      "count": 10,
      "mean_completion_tokens": 146.5,
      "mean_e2e_output_tok_s": 315.69563229535925,
      "mean_decode_output_tok_s": 395.9109138253201,
      "p50_ttft_s": 0.08419317251536995,
      "p95_ttft_s": 0.08702363097690977
    },
    "javascript": {
      "count": 10,
      "mean_completion_tokens": 249.0,
      "mean_e2e_output_tok_s": 331.344993669563,
      "mean_decode_output_tok_s": 382.26801632673227,
      "p50_ttft_s": 0.0845278324559331,
      "p95_ttft_s": 0.08654717374301982
    },
    "algorithms": {
      "count": 10,
      "mean_completion_tokens": 227.6,
      "mean_e2e_output_tok_s": 334.30277357643007,
      "mean_decode_output_tok_s": 393.6797916377637,
      "p50_ttft_s": 0.08399615201051347,
      "p95_ttft_s": 0.08726113611483015
    },
    "sql": {
      "count": 10,
      "mean_completion_tokens": 209.1,
      "mean_e2e_output_tok_s": 254.63711407606547,
      "mean_decode_output_tok_s": 326.8270940351712,
      "p50_ttft_s": 0.08351169546949677,
      "p95_ttft_s": 0.08935441812791395
    }
  },
  "by_task": {
    "python::Flatten an arbitrarily nested list": {
      "count": 1,
      "mean_completion_tokens": 96.0,
      "mean_e2e_output_tok_s": 319.7357714359483,
      "mean_decode_output_tok_s": 476.2519755286122
    },
    "python::Retry decorator with three attempts": {
      "count": 1,
      "mean_completion_tokens": 133.0,
      "mean_e2e_output_tok_s": 311.8802735322888,
      "mean_decode_output_tok_s": 387.3508455253856
    },
    "python::Merge two sorted lists": {
      "count": 1,
      "mean_completion_tokens": 119.0,
      "mean_e2e_output_tok_s": 292.7394181904598,
      "mean_decode_output_tok_s": 367.3783464098273
    },
    "python::Simple stack class": {
      "count": 1,
      "mean_completion_tokens": 157.0,
      "mean_e2e_output_tok_s": 393.5252316052504,
      "mean_decode_output_tok_s": 497.9458418044572
    },
    "python::Generator of first n primes": {
      "count": 1,
      "mean_completion_tokens": 153.0,
      "mean_e2e_output_tok_s": 292.16681742646966,
      "mean_decode_output_tok_s": 357.19537003584867
    },
    "python::Top-3 word frequencies": {
      "count": 1,
      "mean_completion_tokens": 101.0,
      "mean_e2e_output_tok_s": 258.05525483450873,
      "mean_decode_output_tok_s": 329.92191133058714
    },
    "python::Timing context manager": {
      "count": 1,
      "mean_completion_tokens": 146.0,
      "mean_e2e_output_tok_s": 294.11168245815065,
      "mean_decode_output_tok_s": 354.01356000900597
    },
    "python::Validate an IPv4 address": {
      "count": 1,
      "mean_completion_tokens": 234.0,
      "mean_e2e_output_tok_s": 343.05867184507076,
      "mean_decode_output_tok_s": 391.56973259405726
    },
    "python::Group list of dicts by key": {
      "count": 1,
      "mean_completion_tokens": 122.0,
      "mean_e2e_output_tok_s": 292.5268910417306,
      "mean_decode_output_tok_s": 367.8982881826966
    },
    "python::Levenshtein edit distance": {
      "count": 1,
      "mean_completion_tokens": 204.0,
      "mean_e2e_output_tok_s": 359.15631058371497,
      "mean_decode_output_tok_s": 429.5832668327231
    },
    "javascript::Debounce with leading-edge option": {
      "count": 1,
      "mean_completion_tokens": 508.0,
      "mean_e2e_output_tok_s": 326.2688338032079,
      "mean_decode_output_tok_s": 348.1361028022603
    },
    "javascript::Deep clone an object": {
      "count": 1,
      "mean_completion_tokens": 239.0,
      "mean_e2e_output_tok_s": 360.25464059138415,
      "mean_decode_output_tok_s": 420.6551929158601
    },
    "javascript::Fetch with AbortController timeout": {
      "count": 1,
      "mean_completion_tokens": 226.0,
      "mean_e2e_output_tok_s": 341.7308591024995,
      "mean_decode_output_tok_s": 392.6350490384188
    },
    "javascript::Flatten a nested array to depth": {
      "count": 1,
      "mean_completion_tokens": 210.0,
      "mean_e2e_output_tok_s": 322.5159190601879,
      "mean_decode_output_tok_s": 370.6900116962107
    },
    "javascript::Curry with partial application": {
      "count": 1,
      "mean_completion_tokens": 210.0,
      "mean_e2e_output_tok_s": 322.81577106774427,
      "mean_decode_output_tok_s": 376.95115774551067
    },
    "javascript::useLocalStorage React hook": {
      "count": 1,
      "mean_completion_tokens": 371.0,
      "mean_e2e_output_tok_s": 388.98427281171786,
      "mean_decode_output_tok_s": 431.60536600150584
    },
    "javascript::Throttle to once per N ms": {
      "count": 1,
      "mean_completion_tokens": 197.0,
      "mean_e2e_output_tok_s": 328.9895737628033,
      "mean_decode_output_tok_s": 382.93262450091055
    },
    "javascript::TypeScript generic pick-keys": {
      "count": 1,
      "mean_completion_tokens": 169.0,
      "mean_e2e_output_tok_s": 294.5150553138602,
      "mean_decode_output_tok_s": 343.9700242367078
    },
    "javascript::Parse a query string": {
      "count": 1,
      "mean_completion_tokens": 243.0,
      "mean_e2e_output_tok_s": 339.3971930753068,
      "mean_decode_output_tok_s": 391.44363558856384
    },
    "javascript::Memoize by stringified args": {
      "count": 1,
      "mean_completion_tokens": 117.0,
      "mean_e2e_output_tok_s": 287.9778181069184,
      "mean_decode_output_tok_s": 363.6609987413741
    },
    "algorithms::Binary search, correct boundaries": {
      "count": 1,
      "mean_completion_tokens": 259.0,
      "mean_e2e_output_tok_s": 318.6079206588899,
      "mean_decode_output_tok_s": 354.1494756113662
    },
    "algorithms::Quicksort plus complexity": {
      "count": 1,
      "mean_completion_tokens": 114.0,
      "mean_e2e_output_tok_s": 340.71309627059674,
      "mean_decode_output_tok_s": 457.1723104956518
    },
    "algorithms::BFS on an adjacency list": {
      "count": 1,
      "mean_completion_tokens": 141.0,
      "mean_e2e_output_tok_s": 321.4728904587489,
      "mean_decode_output_tok_s": 397.7195674359078
    },
    "algorithms::Dijkstra with a heap": {
      "count": 1,
      "mean_completion_tokens": 447.0,
      "mean_e2e_output_tok_s": 358.04121906274327,
      "mean_decode_output_tok_s": 383.72591046788193
    },
    "algorithms::LRU cache, O(1)": {
      "count": 1,
      "mean_completion_tokens": 197.0,
      "mean_e2e_output_tok_s": 347.4658978999485,
      "mean_decode_output_tok_s": 416.09801871091076
    },
    "algorithms::Two-sum in O(n)": {
      "count": 1,
      "mean_completion_tokens": 110.0,
      "mean_e2e_output_tok_s": 285.6150489329054,
      "mean_decode_output_tok_s": 365.3332720967884
    },
    "algorithms::Linked-list cycle with Floyd": {
      "count": 1,
      "mean_completion_tokens": 229.0,
      "mean_e2e_output_tok_s": 348.46546969512974,
      "mean_decode_output_tok_s": 399.69891608179455
    },
    "algorithms::Merge sort plus stability": {
      "count": 1,
      "mean_completion_tokens": 339.0,
      "mean_e2e_output_tok_s": 312.89842253641336,
      "mean_decode_output_tok_s": 340.9181517719248
    },
    "algorithms::Trie insert/search": {
      "count": 1,
      "mean_completion_tokens": 241.0,
      "mean_e2e_output_tok_s": 370.97267960925075,
      "mean_decode_output_tok_s": 426.1215780770622
    },
    "algorithms::DP coin-change": {
      "count": 1,
      "mean_completion_tokens": 199.0,
      "mean_e2e_output_tok_s": 338.77509063967426,
      "mean_decode_output_tok_s": 395.8607156283482
    },
    "sql::Second-highest salary": {
      "count": 1,
      "mean_completion_tokens": 31.0,
      "mean_e2e_output_tok_s": 154.73088198512556,
      "mean_decode_output_tok_s": 292.1601049785803
    },