{
  "count": 40,
  "overall": {
    "mean_completion_tokens": 208.05,
    "mean_e2e_output_tok_s": 309.50219051785473,
    "mean_decode_output_tok_s": 376.9442371919297,
    "p50_ttft_s": 0.0869268414680846,
    "p95_ttft_s": 0.08853834843612277,
    "mean_decode_s": 0.5675979114239453
  },
  "by_domain": {
    "python": {
      "count": 10,
      "mean_completion_tokens": 146.5,
      "mean_e2e_output_tok_s": 316.45595810072757,
      "mean_decode_output_tok_s": 397.7325407413814,
      "p50_ttft_s": 0.08501060400158167,
      "p95_ttft_s": 0.0879056289762957
    },
    "javascript": {
      "count": 10,
      "mean_completion_tokens": 249.0,
      "mean_e2e_output_tok_s": 331.2982481311325,
      "mean_decode_output_tok_s": 384.4253184222849,
      "p50_ttft_s": 0.08772003700141795,
      "p95_ttft_s": 0.08922215004567988
    },
    "algorithms": {
      "count": 10,
      "mean_completion_tokens": 227.6,
      "mean_e2e_output_tok_s": 334.3755908582404,
      "mean_decode_output_tok_s": 396.2914158241793,
      "p50_ttft_s": 0.08714536650222726,
      "p95_ttft_s": 0.08874718892620877
    },
    "sql": {
      "count": 10,
      "mean_completion_tokens": 209.1,
      "mean_e2e_output_tok_s": 255.87896498131852,
      "mean_decode_output_tok_s": 329.3276737798733,
      "p50_ttft_s": 0.08485668199136853,
      "p95_ttft_s": 0.08694427800655831
    }
  },
  "by_task": {
    "python::Flatten an arbitrarily nested list": {
      "count": 1,
      "mean_completion_tokens": 96.0,
      "mean_e2e_output_tok_s": 328.3082046486939,
      "mean_decode_output_tok_s": 479.826326795414
    },
    "python::Retry decorator with three attempts": {
      "count": 1,
      "mean_completion_tokens": 133.0,
      "mean_e2e_output_tok_s": 310.03063873796947,
      "mean_decode_output_tok_s": 389.9404670918476
    },
    "python::Merge two sorted lists": {
      "count": 1,
      "mean_completion_tokens": 119.0,
      "mean_e2e_output_tok_s": 292.56201612477554,
      "mean_decode_output_tok_s": 369.104583995397
    },
    "python::Simple stack class": {
      "count": 1,
      "mean_completion_tokens": 157.0,
      "mean_e2e_output_tok_s": 392.7086677052076,
      "mean_decode_output_tok_s": 500.1524525496848
    },
    "python::Generator of first n primes": {
      "count": 1,
      "mean_completion_tokens": 153.0,
      "mean_e2e_output_tok_s": 293.4626549948755,
      "mean_decode_output_tok_s": 358.62416753961134
    },
    "python::Top-3 word frequencies": {
      "count": 1,
      "mean_completion_tokens": 101.0,
      "mean_e2e_output_tok_s": 259.19613849778113,
      "mean_decode_output_tok_s": 330.2920736571491
    },
    "python::Timing context manager": {
      "count": 1,
      "mean_completion_tokens": 146.0,
      "mean_e2e_output_tok_s": 295.36014878216065,
      "mean_decode_output_tok_s": 355.9623395590352
    },
    "python::Validate an IPv4 address": {
      "count": 1,
      "mean_completion_tokens": 234.0,
      "mean_e2e_output_tok_s": 341.1512620960065,
      "mean_decode_output_tok_s": 391.35616915227575
    },
    "python::Group list of dicts by key": {
      "count": 1,
      "mean_completion_tokens": 122.0,
      "mean_e2e_output_tok_s": 292.4118266011937,
      "mean_decode_output_tok_s": 369.51145811949704
    },
    "python::Levenshtein edit distance": {
      "count": 1,
      "mean_completion_tokens": 204.0,
      "mean_e2e_output_tok_s": 359.3680228186118,
      "mean_decode_output_tok_s": 432.55536895390196
    },
    "javascript::Debounce with leading-edge option": {
      "count": 1,
      "mean_completion_tokens": 508.0,
      "mean_e2e_output_tok_s": 328.8862500019904,
      "mean_decode_output_tok_s": 350.89247005819885
    },
    "javascript::Deep clone an object": {
      "count": 1,
      "mean_completion_tokens": 239.0,
      "mean_e2e_output_tok_s": 359.2165554715432,
      "mean_decode_output_tok_s": 422.85307349160513
    },
    "javascript::Fetch with AbortController timeout": {
      "count": 1,
      "mean_completion_tokens": 226.0,
      "mean_e2e_output_tok_s": 342.3308524702014,
      "mean_decode_output_tok_s": 394.4050123727469
    },
    "javascript::Flatten a nested array to depth": {
      "count": 1,
      "mean_completion_tokens": 210.0,
      "mean_e2e_output_tok_s": 323.60648266333413,
      "mean_decode_output_tok_s": 373.18378118127504
    },
    "javascript::Curry with partial application": {
      "count": 1,
      "mean_completion_tokens": 210.0,
      "mean_e2e_output_tok_s": 321.89624034748255,
      "mean_decode_output_tok_s": 378.7608654571187
    },
    "javascript::useLocalStorage React hook": {
      "count": 1,
      "mean_completion_tokens": 371.0,
      "mean_e2e_output_tok_s": 389.28381283274746,
      "mean_decode_output_tok_s": 433.52148590522853
    },
    "javascript::Throttle to once per N ms": {
      "count": 1,
      "mean_completion_tokens": 197.0,
      "mean_e2e_output_tok_s": 328.092497041759,
      "mean_decode_output_tok_s": 384.76417760945856
    },
    "javascript::TypeScript generic pick-keys": {
      "count": 1,
      "mean_completion_tokens": 169.0,
      "mean_e2e_output_tok_s": 292.7078892611857,
      "mean_decode_output_tok_s": 345.7397571803357
    },
    "javascript::Parse a query string": {
      "count": 1,
      "mean_completion_tokens": 243.0,
      "mean_e2e_output_tok_s": 339.6310105268246,
      "mean_decode_output_tok_s": 393.75819373336003
    },
    "javascript::Memoize by stringified args": {
      "count": 1,
      "mean_completion_tokens": 117.0,
      "mean_e2e_output_tok_s": 287.33089069425654,
      "mean_decode_output_tok_s": 366.37436723352107
    },
    "algorithms::Binary search, correct boundaries": {
      "count": 1,
      "mean_completion_tokens": 259.0,
      "mean_e2e_output_tok_s": 318.943521138355,
      "mean_decode_output_tok_s": 357.1198201480932
    },
    "algorithms::Quicksort plus complexity": {
      "count": 1,
      "mean_completion_tokens": 114.0,
      "mean_e2e_output_tok_s": 340.2644698568039,
      "mean_decode_output_tok_s": 459.98236356713454
    },
    "algorithms::BFS on an adjacency list": {
      "count": 1,
      "mean_completion_tokens": 141.0,
      "mean_e2e_output_tok_s": 320.996248497032,
      "mean_decode_output_tok_s": 400.20691781783955
    },
    "algorithms::Dijkstra with a heap": {
      "count": 1,
      "mean_completion_tokens": 447.0,
      "mean_e2e_output_tok_s": 359.541902493745,
      "mean_decode_output_tok_s": 386.67988288609365
    },
    "algorithms::LRU cache, O(1)": {
      "count": 1,
      "mean_completion_tokens": 197.0,
      "mean_e2e_output_tok_s": 347.44370778301493,
      "mean_decode_output_tok_s": 419.34112646534174
    },
    "algorithms::Two-sum in O(n)": {
      "count": 1,
      "mean_completion_tokens": 110.0,
      "mean_e2e_output_tok_s": 284.5246659137779,
      "mean_decode_output_tok_s": 367.6394246804382
    },
    "algorithms::Linked-list cycle with Floyd": {
      "count": 1,
      "mean_completion_tokens": 229.0,
      "mean_e2e_output_tok_s": 348.1145560721557,
      "mean_decode_output_tok_s": 402.760866278216
    },
    "algorithms::Merge sort plus stability": {
      "count": 1,
      "mean_completion_tokens": 339.0,
      "mean_e2e_output_tok_s": 314.4617680533477,
      "mean_decode_output_tok_s": 342.12575670391044
    },
    "algorithms::Trie insert/search": {
      "count": 1,
      "mean_completion_tokens": 241.0,
      "mean_e2e_output_tok_s": 370.7439585876065,
      "mean_decode_output_tok_s": 428.98593911284087
    },
    "algorithms::DP coin-change": {
      "count": 1,
      "mean_completion_tokens": 199.0,
      "mean_e2e_output_tok_s": 338.7211101865655,
      "mean_decode_output_tok_s": 398.0720605818848
    },
    "sql::Second-highest salary": {
      "count": 1,
      "mean_completion_tokens": 31.0,
      "mean_e2e_output_tok_s": 152.58918849651874,
      "mean_decode_output_tok_s": 293.5519525171598
    },